name,category,address,city,phone,website,email,rating,reviewCount,googleMapsUrl
Adelya Al Medina beauty salon,Beauty salon,One by Omniyat - ShopG05 - Business Bay - Dubai - United Arab Emirates,Dubai,+971 55 131 8805,https://www.instagram.com/thelab_uae?igsh=aXpmejZtMzM3ZXJk&utm_source=qr,,4.8,513,https://www.google.com/maps/search/?api=1&query=Adelya%20Al%20Medina%20beauty%20salon&query_place_id=ChIJzTaI53RpXz4R22ZtkxZ45xk
Dilara Beauty Salon,Beauty salon,"Triple 777 Center Al Wasl Road, Jumeriah 3 Al Safee Street - Al Shaari Street - Dubai - United Arab Emirates",Dubai,+971 50 202 9108,https://dilarabeauty.ae/,Info@dilarabeauty.ae,4.9,185,https://www.google.com/maps/search/?api=1&query=Dilara%20Beauty%20Salon&query_place_id=ChIJHbEf4F65eiURxBnD7-heiBg
Amaya Salon & Spa - Burj Downtown Dubai,Beauty salon,The Residences 1 Tower 1 - Burj Khalifa - Downtown Dubai - Dubai - United Arab Emirates,Dubai,+971 4 374 1496,http://www.amayasalon.ae/,info@amayasalon.ae,3.8,129,https://www.google.com/maps/search/?api=1&query=Amaya%20Salon%20%26%20Spa%20-%20Burj%20Downtown%20Dubai&query_place_id=ChIJPdkRjpZpXz4R9N6rDpYiMPE
Eclat de Beaute Dubai Salon & Spa,Beauty salon,"One by Omniyat - Shop G02, Ground Floor - Business Bay - Dubai - United Arab Emirates",Dubai,+971 58 573 1308,https://www.instagram.com/eclatdebeautedubai,,4.8,100,https://www.google.com/maps/search/?api=1&query=Eclat%20de%20Beaute%20Dubai%20Salon%20%26%20Spa&query_place_id=ChIJh3ZT77BpXz4RKpGxDjSgt4o
Glam Girlz Mena Salon LLC,Beauty salon,Mall near Cinema - FInancial St - Burj Khalifa - Downtown Dubai - Dubai - United Arab Emirates,Dubai,+971 52 784 6378,https://www.glamgirlz.me/,,5,818,https://www.google.com/maps/search/?api=1&query=Glam%20Girlz%20Mena%20Salon%20LLC&query_place_id=ChIJ9f80-8ZDXz4R-RUfwpMn42c
COPPER BEAUTY (formerly MIKE ALAM BEAUTY),Beauty salon,Emirates Financial Towers - Zaa'beel Second - DIFC - Dubai - United Arab Emirates,Dubai,+971 50 201 8562,http://www.copperuae.com/,info@copperuae.com,4.8,346,https://www.google.com/maps/search/?api=1&query=COPPER%20BEAUTY%20(formerly%20MIKE%20ALAM%20BEAUTY)&query_place_id=ChIJ9RwoRI9CXz4RnPF0buOljto
DentalDate Dental Clinic,Dental clinic,"UAE, Dubai, Citywalk Building 23A - Dubai - United Arab Emirates",Dubai,+971 56 717 7223,https://dentaldate.ae/,info@dentaldate.ae,4.8,276,https://www.google.com/maps/search/?api=1&query=DentalDate%20Dental%20Clinic&query_place_id=ChIJz74c5phDXz4Rg6MFpFqhqbI
Otana Beauty By NAJI | Best Beauty Salon in Business Bay,Beauty salon,"Paramount Hotel, Damac Towers - Tower C, Floor A Marasi Dr - Business Bay - Dubai - United Arab Emirates",Dubai,+971 50 887 9547,https://new.otanabeautycenterbynaji.com/,,4.9,375,https://www.google.com/maps/search/?api=1&query=Otana%20Beauty%20By%20NAJI%20%7C%20Best%20Beauty%20Salon%20in%20Business%20Bay&query_place_id=ChIJy64j2UxpXz4RbA3zoorvT8M
Adelya Beauty Salon,Beauty salon,Marasi Dr - Business Bay - Dubai - United Arab Emirates,Dubai,+971 52 669 1504,https://taplink.cc/theadelya.beauty,,4.4,3768,https://www.google.com/maps/search/?api=1&query=Adelya%20Beauty%20Salon&query_place_id=ChIJj7jMk9dpXz4RpgWmZysF8Mk
Nooora Beauty Concierge,Beauty salon,,Dubai,+971 55 500 7326,https://nooora.ae/,info@nooora.ae,4.7,1053,https://www.google.com/maps/search/?api=1&query=Nooora%20Beauty%20Concierge&query_place_id=ChIJpX2T-lxpXz4RjDY730JqBmQ
Rami Arabi Beauty Salon,Beauty salon,downtown Hotel Entrance - Al Khaleej Al Tejari 1 St - 1st Fl. Anantara - Marasi Dr - Dubai - United Arab Emirates,Dubai,+971 4 589 0555,https://www.google.com/maps/search/?api=1&query=Rami%20Arabi%20Beauty%20Salon&query_place_id=ChIJv9rfIaBpXz4RlVqMpulSc-w,,4.8,691,https://www.google.com/maps/search/?api=1&query=Rami%20Arabi%20Beauty%20Salon&query_place_id=ChIJv9rfIaBpXz4RlVqMpulSc-w
Nboutique,Beauty salon,Down Town Rd - Burj Khalifa - Downtown Dubai - Dubai - United Arab Emirates,Dubai,+971 56 111 1017,https://nboutique.ae/,,4.7,261,https://www.google.com/maps/search/?api=1&query=Nboutique&query_place_id=ChIJeXa6SadpXz4RfuTot_YvmUg
"BIJI Ladies Beauty Salon - Home Service Salon Offering Luxury Makeup, Hair and Beauty Services",Beauty salon,Al Amal St - Business Bay - Dubai - United Arab Emirates,Dubai,+971 52 977 0786,https://bijibeauty.ae/,info@bijibeauty.ae,4.8,172,https://www.google.com/maps/search/?api=1&query=BIJI%20Ladies%20Beauty%20Salon%20-%20Home%20Service%20Salon%20Offering%20Luxury%20Makeup%2C%20Hair%20and%20Beauty%20Services&query_place_id=ChIJnXETLo9pXz4RJ14BPaC1JNk
Le Michel Salons Downtown Dubai,Beauty salon,The Dubai Edition Hotel L1 - Dubai Fountain St - Downtown Dubai - Dubai - United Arab Emirates,Dubai,+971 50 795 2078,https://lemichelsalons.com/,Info@lemichelsalons.com,4.6,94,https://www.google.com/maps/search/?api=1&query=Le%20Michel%20Salons%20Downtown%20Dubai&query_place_id=ChIJx0WdTdtpXz4R-rWz9lgwd8I
Luxe Dental Clinic,Dental clinic,2B St - Al Hudaiba - Dubai - United Arab Emirates,Dubai,+971 54 358 0995,https://www.google.com/maps/search/?api=1&query=Luxe%20Dental%20Clinic&query_place_id=ChIJlQR7kANDXz4RDU1iJ-PA1RI,,4.6,52,https://www.google.com/maps/search/?api=1&query=Luxe%20Dental%20Clinic&query_place_id=ChIJlQR7kANDXz4RDU1iJ-PA1RI
Ivy Beauty & Bubbles Hotel Indigo Business Bay,Beauty salon,Marasi Dr - Business Bay - Dubai - United Arab Emirates,Dubai,+971 52 743 4416,http://www.ivydubai.com/,,4.9,2562,https://www.google.com/maps/search/?api=1&query=Ivy%20Beauty%20%26%20Bubbles%20Hotel%20Indigo%20Business%20Bay&query_place_id=ChIJ74TuJThpXz4R0grQUFgC4YU
Twice Beauty Salon,Beauty salon,"BH, G-R08 - Boulevard Heights - Dubai - United Arab Emirates",Dubai,+971 52 370 7990,http://twicespace.com/,hello@twicespace.com,4.5,64,https://www.google.com/maps/search/?api=1&query=Twice%20Beauty%20Salon&query_place_id=ChIJ70UxyeFpXz4RT5LynB8XWHo
iSmile Dental Clinic LLC,Dental clinic,"GCC Exchange , Nobel Showroom building - opposite Jovial Center - Al Rigga - Al Sabkha - Dubai - United Arab Emirates",Dubai,+971 54 712 8458,https://www.google.com/maps/search/?api=1&query=iSmile%20Dental%20Clinic%20LLC&query_place_id=ChIJd_Lhp5hDXz4RM7NGtTvuVsE,,4.9,1087,https://www.google.com/maps/search/?api=1&query=iSmile%20Dental%20Clinic%20LLC&query_place_id=ChIJd_Lhp5hDXz4RM7NGtTvuVsE
Its Beauty Ladies Salon – Dubai Marina,Nail salon,"mall, MarinaScape - Marsa Dubai - Dubai Marina - Dubai - United Arab Emirates",Dubai,+971 4 571 4433,https://itsbeautystudio.com/main-maps/?utm_source=google_maps&utm_medium=organic_local&utm_campaign=marina&utm_content=dubai_website,itsbeauty.ae@gmail.com,4.9,2909,https://www.google.com/maps/search/?api=1&query=Its%20Beauty%20Ladies%20Salon%20%E2%80%93%20Dubai%20Marina&query_place_id=ChIJEQAPcthrXz4R3RTM5SJQyrc
Best Dental Clinic LLC in Dubai - Teeth Cleaning AED99 - Al Karama (Br),Dental clinic,Opt Al Attar plaza - Office 103 - Kuwait St - opposite Al Karama Centre - Al Karama - Dubai - United Arab Emirates,Dubai,+971 4 379 5388,https://www.google.com/maps/search/?api=1&query=Best%20Dental%20Clinic%20LLC%20in%20Dubai%20-%20Teeth%20Cleaning%20AED99%20-%20Al%20Karama%20(Br)&query_place_id=ChIJJ5hCdzxDXz4RfN4AT9D6g8k,,4,59,https://www.google.com/maps/search/?api=1&query=Best%20Dental%20Clinic%20LLC%20in%20Dubai%20-%20Teeth%20Cleaning%20AED99%20-%20Al%20Karama%20(Br)&query_place_id=ChIJJ5hCdzxDXz4RfN4AT9D6g8k
American Medical and Dental Center (AMDC)- Dubai Hills Branch,Dental clinic,"Dubai Hills, Park Heigh 2, RT01, Ground Floor - Dubai - United Arab Emirates",Dubai,+971 4 276 7766,https://www.americanmdcenter.com/,info@americanmdcenter.com,5,550,https://www.google.com/maps/search/?api=1&query=American%20Medical%20and%20Dental%20Center%20(AMDC)-%20Dubai%20Hills%20Branch&query_place_id=ChIJe8rck2dpXz4RYFK-3eOL40k
Ivy Beauty & Bubbles Hub Marquise Square,Beauty salon,"Street, Marquise Square Tower - 55 Marasi Dr - Business Bay - Dubai - United Arab Emirates",Dubai,+971 52 743 4416,https://ivydubai.com/,,4.9,2270,https://www.google.com/maps/search/?api=1&query=Ivy%20Beauty%20%26%20Bubbles%20Hub%20Marquise%20Square&query_place_id=ChIJk7BNq4JpXz4R32UzidiqOF8
Miami General Dental Clinic,Dental clinic,Al Muraqqabat - Al Rigga - Dubai - United Arab Emirates,Dubai,+971 54 888 3372,https://devloominnovations.com/,,4.9,146,https://www.google.com/maps/search/?api=1&query=Miami%20General%20Dental%20Clinic&query_place_id=ChIJrVgwDR5dXz4RO033txKLjTo
The Beauty House Dubai,Beauty salon,"Dunya Tower, Downtown, Ground Floor, Shop #4 - Dubai - United Arab Emirates",Dubai,+971 50 938 8907,https://www.thebeautyhouse.ae/,admin@thebeautyhouse.ae,4.5,230,https://www.google.com/maps/search/?api=1&query=The%20Beauty%20House%20Dubai&query_place_id=ChIJcdNVXdhpXz4RholO2M5netU
"WOW Beauty Salon - Dubai Mall, LG Floor near Cinema Parking",Beauty salon,Dubai Mall - Unit LG - 146 - 6 - Financial Ctr St - Burj Khalifa - Downtown Dubai - Dubai - United Arab Emirates,Dubai,+971 4 339 8265,https://wow-salons.com/?utm_source=Google+My+Business&utm_medium=Google,,4.6,954,https://www.google.com/maps/search/?api=1&query=WOW%20Beauty%20Salon%20-%20Dubai%20Mall%2C%20LG%20Floor%20near%20Cinema%20Parking&query_place_id=ChIJ3_edgoJCXz4RSM8vuxpYw7A
"Go Dental Clinic, Bur Dubai",Dental clinic,"Unit M04 & M05, Mezzanine floor, Manazil Al Raffa 01 - Al Mankhool - Dubai - United Arab Emirates",Dubai,+971 800 777000,https://www.godentalclinic.com/?utm_source=GMB&utm_medium=maps&utm_campaign=organic,,4.9,2645,https://www.google.com/maps/search/?api=1&query=Go%20Dental%20Clinic%2C%20Bur%20Dubai&query_place_id=ChIJB-R8_yZDXz4RZJju7IvafD8
"Crossroads Dental Clinic - Sheikh Zayed Road, Dubai",Dental clinic,"Office #803, 8th Floor , The Tower Plaza Hotel Dubai, 56 Sheikh Zayed Road Emirates tower exit no - 2 - Dubai - United Arab Emirates",Dubai,+971 4 343 5424,https://crossroadsdentalclinic.com/,info@crossroadsdentalclinic.com,4.9,577,https://www.google.com/maps/search/?api=1&query=Crossroads%20Dental%20Clinic%20-%20Sheikh%20Zayed%20Road%2C%20Dubai&query_place_id=ChIJ7Rc2KI1CXz4RsEOJua8AXCw
CMC DENTAL CLINIC Dubai,Dental clinic,"Clemenceau Medical Center, DHCC, Dubai Healthcare City Phase 2 - Dubai - United Arab Emirates",Dubai,+971 50 541 5677,http://www.cmcdentalclinic.ae/,,4.9,91,https://www.google.com/maps/search/?api=1&query=CMC%20DENTAL%20CLINIC%20Dubai&query_place_id=ChIJ1_97grRdXz4Ry5dySYwTJWY
Dental Care Clinic LLC,Dental clinic,"Central Business District, C08 Zone Shop No.1&2 - Dubai International City - Dubai - United Arab Emirates",Dubai,+971 4 363 5426,https://dentalcareclinic.ae/,info@dentalcareclinic.ae,4.9,269,https://www.google.com/maps/search/?api=1&query=Dental%20Care%20Clinic%20LLC&query_place_id=ChIJSWfqHUthXz4RU7qSwKrxqgE
Malabar Dental Clinic | Dubai,Dental clinic,UAE Exchange Building - Damascus Street - Al Qusais - Al Qusais Ind. Second - Dubai - United Arab Emirates,Dubai,+971 52 151 4300,http://www.malabardentalclinics.com/,info@malabardentalclinics.com,5,500,https://www.google.com/maps/search/?api=1&query=Malabar%20Dental%20Clinic%20%7C%20Dubai&query_place_id=ChIJgWU4eENdXz4RZWvLP1LLwpU
American Medical & Dental Center (AMDC) - Dubai Healthcare City,Dental clinic,"Dubai Healthcare City,District no. 1 Al Razi Building No. 64, Block A, 1st Floor Suite 1002 - Dubai - United Arab Emirates",Dubai,+971 4 374 8428,https://americanmdcenter.com/,info@americanmdcenter.com,4.8,289,https://www.google.com/maps/search/?api=1&query=American%20Medical%20%26%20Dental%20Center%20(AMDC)%20-%20Dubai%20Healthcare%20City&query_place_id=ChIJe7A5ATRdXz4RzHOMFMRareE
Dr Sobczak Dental Clinic,Dental clinic,"Dubai Mall - 2nd Floor, SF-216 - Burj Khalifa - Downtown Dubai - Dubai - United Arab Emirates",Dubai,+971 58 266 5562,https://drsobczak.com/,%20dubai@drsobczak.com,4.7,196,https://www.google.com/maps/search/?api=1&query=Dr%20Sobczak%20Dental%20Clinic&query_place_id=ChIJl1vTYkFDXz4RFg1cj1r2AX0
24 Hours Dental Clinic,Dental clinic,62nd street - 62nd St - Al Barsha Third - Dubai - United Arab Emirates,Dubai,+971 4 355 4466,https://24dentalclinic.com/,,4.8,404,https://www.google.com/maps/search/?api=1&query=24%20Hours%20Dental%20Clinic&query_place_id=ChIJDfQihPJCXz4RaAKyMqcQhJE
Fitness Factory,Gym,67VX+24M - 2C St - Al Karama - Dubai - United Arab Emirates,Dubai,+971 58 118 0045,https://www.google.com/maps/search/?api=1&query=Fitness%20Factory&query_place_id=ChIJQ7B8j3RDXz4RTBt1rSEbRmI,,4.7,134,https://www.google.com/maps/search/?api=1&query=Fitness%20Factory&query_place_id=ChIJQ7B8j3RDXz4RTBt1rSEbRmI
24Beauty Hair And Beauty Services,Beauty salon,Al kharbash Tower - 4 floor Sheikh Zayed Rd - Trade Center First - Dubai - United Arab Emirates,Dubai,+971 55 531 5392,https://www.24beauty.ae/,//www.tiktok.com/@24beauty.ae,4.8,209,https://www.google.com/maps/search/?api=1&query=24Beauty%20Hair%20And%20Beauty%20Services&query_place_id=ChIJJ63qAmRDXz4R4TYiFJjSpJk
Healthy Smile Dental & Orthodontic Clinic,Dental clinic,Dubai Silicon Oasis - Binghatti Stars building opposite to Lulu hypermarket - shop no.4 - Dubai - United Arab Emirates,Dubai,+971 50 607 6365,https://clinichealthysmile.com/,,4.9,269,https://www.google.com/maps/search/?api=1&query=Healthy%20Smile%20Dental%20%26%20Orthodontic%20Clinic&query_place_id=ChIJU0U6LYBlXz4RpHCIQTj8XJE
GymNation Silicon Oasis | Best Gym in Silicon Oasis,Gym,Souq Extra Mall - Top Floor - Nadd Hessa - Dubai Silicon Oasis - Dubai - United Arab Emirates,Dubai,,https://gymnation.com/gymsnearme/silicon-oasis/,getfit@gymnation.com,4.6,7700,https://www.google.com/maps/search/?api=1&query=GymNation%20Silicon%20Oasis%20%7C%20Best%20Gym%20in%20Silicon%20Oasis&query_place_id=ChIJG-cLEs9lXz4Rh0AsrnOFLzY
51 GYM DUBAI,Fitness center,Al Wasl 51 Plaza 1 Entrance - Dubai - United Arab Emirates,Dubai,+971 4 385 5851,https://51gym.ae/,//www.google.com/maps/place/51+GYM+DUBAI/@25.2169754,4.7,84,https://www.google.com/maps/search/?api=1&query=51%20GYM%20DUBAI&query_place_id=ChIJXTMcPY1DXz4R8RUx_4-I-dc
Fitness Zone - City Walk Dubai,Gym,City Walk - next to Beit el Kel Restaurant - Al Wasl - Dubai - United Arab Emirates,Dubai,+971 54 727 4777,https://www.google.com/maps/search/?api=1&query=Fitness%20Zone%20-%20City%20Walk%20Dubai&query_place_id=ChIJ1VivXyNDXz4RASREZCj2yes,,4.5,174,https://www.google.com/maps/search/?api=1&query=Fitness%20Zone%20-%20City%20Walk%20Dubai&query_place_id=ChIJ1VivXyNDXz4RASREZCj2yes
TOTAL FIT DUBAI,Gym,2 18th St - Al Raffa - Dubai - United Arab Emirates,Dubai,+971 52 537 2758,https://thetotalfitdubai.com/,info@hadkaur.com,4.9,615,https://www.google.com/maps/search/?api=1&query=TOTAL%20FIT%20DUBAI&query_place_id=ChIJnYl2yWdDXz4RC8NkxXXAs4A
Power Gym,Gym,13 2A St - Al Karama - Dubai - United Arab Emirates,Dubai,+971 56 663 1355,http://powergymuae.com/,info@powergymuae.com,4.3,431,https://www.google.com/maps/search/?api=1&query=Power%20Gym&query_place_id=ChIJQytkXi9DXz4RkyYiNWLwcb4
365 FITNESS GYM Al Muraqqabat | Best GYM in Deira Dubai,Gym,"mz 08, dubai municipility building - Al Muraqqabat - Deira - Dubai - United Arab Emirates",Dubai,+971 54 712 0925,http://www.365fitness.ae/,,4.7,199,https://www.google.com/maps/search/?api=1&query=365%20FITNESS%20GYM%20Al%20Muraqqabat%20%7C%20Best%20GYM%20in%20Deira%20Dubai&query_place_id=ChIJb8SNTQBdXz4RNWgM-e5qKq4
247 Gym - The Fitness District,Fitness center,2nd St - Oud Metha - Dubai - United Arab Emirates,Dubai,+971 58 524 0247,https://www.google.com/maps/search/?api=1&query=247%20Gym%20-%20The%20Fitness%20District&query_place_id=ChIJ9wkU0HxDXz4RbOYD-bPi17Y,,4.5,306,https://www.google.com/maps/search/?api=1&query=247%20Gym%20-%20The%20Fitness%20District&query_place_id=ChIJ9wkU0HxDXz4RbOYD-bPi17Y
The Warehouse Gym - DIFC,Gym,"Zone D, Gate Avenue - Basement Floor - below Fia Fia and Carrefour - DIFC - Dubai - United Arab Emirates",Dubai,+971 4 209 5335,https://www.whgym.com/,info@whgym.com,4.6,694,https://www.google.com/maps/search/?api=1&query=The%20Warehouse%20Gym%20-%20DIFC&query_place_id=ChIJ7bvxeI1DXz4RZnlQnyOarYQ
Binous Gym | Best Bodybuilding Gym in Dubai | Best Gym Dubai | Most Famous Gym Dubai | Most Expensive Bodybuilding Gym,Gym,12 Al Rasaas Rd - Al Qouz Ind.third - Al Quoz - Dubai - United Arab Emirates,Dubai,+971 4 223 7637,https://binousgym.com/,info@binousgym.com,4.5,862,https://www.google.com/maps/search/?api=1&query=Binous%20Gym%20%7C%20Best%20Bodybuilding%20Gym%20in%20Dubai%20%7C%20Best%20Gym%20Dubai%20%7C%20Most%20Famous%20Gym%20Dubai%20%7C%20Most%20Expensive%20Bodybuilding%20Gym&query_place_id=ChIJKQEtPOtrXz4Rj4usQIRWolQ
UFC GYM - Business Bay | Bay Square,Gym,P Floor - Building 1 Al Asayel St - Dubai - United Arab Emirates,Dubai,+971 4 223 0708,https://www.ufcgym.me/landing/uae-form,contact@ufcgym.com,4.5,875,https://www.google.com/maps/search/?api=1&query=UFC%20GYM%20-%20Business%20Bay%20%7C%20Bay%20Square&query_place_id=ChIJy6qqZjBoXz4RGOq7ZGVcIi8
Generation Iron Gym,Gym,"AG Tower, Ground Floor - Marasi Dr - Business Bay - Dubai - United Arab Emirates",Dubai,+971 4 298 0096,https://www.dubai.generationirongym.com/,info.uae@generationirongym.com,4.8,148,https://www.google.com/maps/search/?api=1&query=Generation%20Iron%20Gym&query_place_id=ChIJn1_gK15pXz4Rd_tLJt3rblc
Snap Fitness Downtown,Gym,"HSBC Tower , Downtown, Plot 430 Dubai - Dubai - United Arab Emirates",Dubai,+971 54 704 8619,https://www.snapfitness.com/ae/gyms/downtown,downtown@snapfitness.ae,4.7,200,https://www.google.com/maps/search/?api=1&query=Snap%20Fitness%20Downtown&query_place_id=ChIJZaEqqK5DXz4R5ig3iLmAILU
VIP GYM & FITNESS CENTER - Dubai,Gym,Al Wasl Rd - Madinat Dubai Al Melaheyah - Al Mina - Dubai - United Arab Emirates,Dubai,+971 58 105 6410,http://www.vipgymdubai.com/,info@vipgymdubai.com,4.8,626,https://www.google.com/maps/search/?api=1&query=VIP%20GYM%20%26%20FITNESS%20CENTER%20-%20Dubai&query_place_id=ChIJs5DYDwFDXz4RmJi-hJ7WQYs
GymNation Downtown Dubai | Best Gym in Downtown Dubai,Gym,South Heights Tower A - Dubai - United Arab Emirates,Dubai,,https://gymnation.com/gymsnearme/downtown-dubai/,getfit@gymnation.com,4.7,4232,https://www.google.com/maps/search/?api=1&query=GymNation%20Downtown%20Dubai%20%7C%20Best%20Gym%20in%20Downtown%20Dubai&query_place_id=ChIJSZXqIDBDXz4RfFIZDzwAHdU
GymNation Bur Dubai | Best Gym In Bur Dubai,Gym,M Squared Building - 505 Khalid Bin Al Waleed Rd - Al Mankhool - Dubai - United Arab Emirates,Dubai,,https://gymnation.com/gymsnearme/bur-dubai/,getfit@gymnation.com,4.7,9945,https://www.google.com/maps/search/?api=1&query=GymNation%20Bur%20Dubai%20%7C%20Best%20Gym%20In%20Bur%20Dubai&query_place_id=ChIJa7suLMRDXz4RzCMZBvwRYf4
Roar Fitness Dubai Downtown,Personal trainer,"Burj Vista, Retail Parking - L2-Retail 03 - Arcade Level 2 Sheikh Mohammed bin Rashid Blvd - Dubai - United Arab Emirates",Dubai,+971 4 529 4991,https://www.roar-fitness.com/dubai/,dubai@roar-fitness.com,5,320,https://www.google.com/maps/search/?api=1&query=Roar%20Fitness%20Dubai%20Downtown&query_place_id=ChIJ9Ysz6ABDXz4RU49eee-KxD0
GymNation Motor City | Best Gym in Motor City,Gym,"First Floor, CONTROL TOWER - Al Hebiah First - Dubai Motor City - Dubai - United Arab Emirates",Dubai,,https://gymnation.com/gymsnearme/motor-city/,//www.google.com/maps/place/Motor+City+-+Dubai/@25.0450625,4.6,7853,https://www.google.com/maps/search/?api=1&query=GymNation%20Motor%20City%20%7C%20Best%20Gym%20in%20Motor%20City&query_place_id=ChIJG44CKrJvXz4RnPHZTlJzIuY
Kings Dental Center Satwa Dubai,Dental clinic,"6B St - Al Hudaiba - Dubai - United Arab Emirates Flat No 108,109 110 Al Hudaiba - Road - Al Satwa - Dubai - United Arab Emirates",Dubai,+971 58 581 4585,https://kingsdentalcenter.ae/,info@xcare.com,4.9,459,https://www.google.com/maps/search/?api=1&query=Kings%20Dental%20Center%20Satwa%20Dubai&query_place_id=ChIJnatIO9VDXz4Ri_d9kw0V_dI
DCT LOGISTICS EMIRATES LLC,Logistics service,"S700 street, D-55 rd, Jebel Ali South Zone 3 - Dubai - United Arab Emirates",Dubai,+971 4 880 9880,http://www.dct-logistics.com/,info@dct-logistics.com,4.5,37,https://www.google.com/maps/search/?api=1&query=DCT%20LOGISTICS%20EMIRATES%20LLC&query_place_id=ChIJB9ngOj0NXz4RPC67IlO8f3E
Full Circle EMS Fitness Center Trade Center Dubai,Physical fitness program,Millennium Executive Tower - 30th Floor - Sheikh Zayed Rd - Dubai - United Arab Emirates,Dubai,+971 54 320 2031,http://www.fullcircle.ae/,info@fullcircle.ae,4.9,1304,https://www.google.com/maps/search/?api=1&query=Full%20Circle%20EMS%20Fitness%20Center%20Trade%20Center%20Dubai&query_place_id=ChIJL2PcsdNpXz4Rfs-f4HsqEMY
"Grand FreightX Shipping LLC - Logistic Company in Dubai, UAE",Logistics service,Warehouse No # 05 | Terminal # 03 Cargo Centre | Sharjah Airport - Dubai - United Arab Emirates,Dubai,+971 6 577 4002,http://www.grandfreightx.com/,,4.6,32,https://www.google.com/maps/search/?api=1&query=Grand%20FreightX%20Shipping%20LLC%20-%20Logistic%20Company%20in%20Dubai%2C%20UAE&query_place_id=ChIJ8UP47U5DXz4R1rsTqH_1S-Y
Megan Accountants LLC. – Chartered Accountant In Dubai | CA in Dubai | VAT & Tax Services In Dubai,Accounting firm,"The Binary Tower by Omniyat - 1610, 16th Floor - 32 Marasi Drive Street - Business Bay - Dubai - United Arab Emirates",Dubai,+971 56 715 0756,https://meganaccounts.com/,Team@meganaccounts.com,5,28,https://www.google.com/maps/search/?api=1&query=Megan%20Accountants%20LLC.%20%E2%80%93%20Chartered%20Accountant%20In%20Dubai%20%7C%20CA%20in%20Dubai%20%7C%20VAT%20%26%20Tax%20Services%20In%20Dubai&query_place_id=ChIJM43CqjhpXz4RbxoC7CVwV4s
IFL - Integrated Freight & Logistics LLC | Logistics & Shipping Company in Dubai UAE,Logistics service,Port Saeed - Deira - Dubai - United Arab Emirates,Dubai,+971 4 359 9188,http://www.iflme.com/,cs@iflme.com,4.1,19,https://www.google.com/maps/search/?api=1&query=IFL%20-%20Integrated%20Freight%20%26%20Logistics%20LLC%20%7C%20Logistics%20%26%20Shipping%20Company%20in%20Dubai%20UAE&query_place_id=ChIJr1SPwBVDXz4RsOFSh3pvLlg
Snap Fitness Media City | Best Gym in Dubai,Gym,"Level 2, Dubai Jewel Tower - Al Sufouh - Al Sufouh 2 - Dubai - United Arab Emirates",Dubai,+971 54 704 8619,https://www.snapfitness.com/ae/gyms/dubai-mediacity,dubaimediacity@snapfitness.ae,4.5,491,https://www.google.com/maps/search/?api=1&query=Snap%20Fitness%20Media%20City%20%7C%20Best%20Gym%20in%20Dubai&query_place_id=ChIJLQfLG3JrXz4RJoBkToi167k
Rentico - Affordable Car Rental Dubai Without Deposit | Economy Car Hire,Car rental agency,"facing Burj Khalifa, Anantara hotel - The Oberoi Centre - Ground Floor - Business Bay - Dubai - United Arab Emirates",Dubai,+971 52 443 2638,https://rentico.ae/,//www.tiktok.com/@rentico.ae,4.7,315,https://www.google.com/maps/search/?api=1&query=Rentico%20-%20Affordable%20Car%20Rental%20Dubai%20Without%20Deposit%20%7C%20Economy%20Car%20Hire&query_place_id=ChIJ07i7Q9RpXz4RnI2W99xQ3gE
ZMC Express Cargo - Dubai Air Shipping | Custom Clearance | Best Logistics and Shipping Companies in Dubai,Logistics service,Dubai Air Port Free Zone Block H Warehouse No. H24 - Dubai - United Arab Emirates,Dubai,+971 56 992 6986,https://www.zmcexpress.com/,Zmcleb@zmcexpress.com,4.6,59,https://www.google.com/maps/search/?api=1&query=ZMC%20Express%20Cargo%20-%20Dubai%20Air%20Shipping%20%7C%20Custom%20Clearance%20%7C%20Best%20Logistics%20and%20Shipping%20Companies%20in%20Dubai&query_place_id=ChIJDZCW_fddXz4Ro1RnLUed95M
Shepherd International LLC DAFZA,Freight forwarding service,Warehose no D07 - Dubai Airport Free Zone - Dubai - United Arab Emirates,Dubai,+971 56 175 7275,http://www.shepherdshipping.com/,salesdwc@shepherdshipping.com,4.6,62,https://www.google.com/maps/search/?api=1&query=Shepherd%20International%20LLC%20DAFZA&query_place_id=ChIJMcc3RftdXz4Ro5R8LYQo7ew
My Family Lawyer - Dubai,Legal services,Mall 2nd Floor - Al Mina St - Al Hudaiba - Jumeirah 1 - Dubai - United Arab Emirates,Dubai,+971 50 603 9009,http://www.myfamilylawyer.ae/,info@myfamilylawyer.ae,5,61,https://www.google.com/maps/search/?api=1&query=My%20Family%20Lawyer%20-%20Dubai&query_place_id=ChIJNU0LsURpXz4RcAjqCDiX4RA
DY Lawyers & Legal Consultants - Commerical and Corporate Lawyers in Dubai,Law firm,57PF+9V3 West Burry Tower - 3rd Floor - Business Bay - Dubai - United Arab Emirates,Dubai,+971 55 147 0302,https://dylegalconsultants.com/,info@dylegalconsultants.com,5,45,https://www.google.com/maps/search/?api=1&query=DY%20Lawyers%20%26%20Legal%20Consultants%20-%20Commerical%20and%20Corporate%20Lawyers%20in%20Dubai&query_place_id=ChIJ6d3rt0r59D4Rfg7N7MGT_uo
Reef & Beef Steakhouse & Seafood – Downtown Dubai,Restaurant,The Heritage Hotel - Sheikh Mohammed bin Rashid Blvd - Burj Khalifa - Downtown Dubai - Dubai - United Arab Emirates,Dubai,+971 52 233 8473,https://reefandbeef.ae/,reservations@reefandbeef.ae,4.8,1626,https://www.google.com/maps/search/?api=1&query=Reef%20%26%20Beef%20Steakhouse%20%26%20Seafood%20%E2%80%93%20Downtown%20Dubai&query_place_id=ChIJ55ahVS5pXz4Rj-fP1hyvYPk
Krasota Dubai Restaurant,Restaurant,The Address Downtown - G Floor Sheikh Mohammed bin Rashid Blvd - Burj Khalifa - Downtown Dubai - Dubai - United Arab Emirates,Dubai,+971 4 433 1258,https://bit.ly/krasota_reservation,dubai@krasota.art,4.9,1691,https://www.google.com/maps/search/?api=1&query=Krasota%20Dubai%20Restaurant&query_place_id=ChIJN5PnefxpXz4RJE8OXJacR4g
MIO & Partners,Law firm,"A4 - Office No. 603, 704 - Business Bay - Dubai - United Arab Emirates",Dubai,+971 800 646529,https://www.miopartners.ae/,,4.8,102,https://www.google.com/maps/search/?api=1&query=MIO%20%26%20Partners&query_place_id=ChIJWePMyyNoXz4R16j2YeoA-xI
Icarus Restaurant Dubai,Restaurant,"Souk Al Bahar, Level 2 - Dubai Mall - Dubai - United Arab Emirates",Dubai,+971 58 280 7801,https://www.sevenrooms.com/explore/icarus/reservations/create/search,,4.9,4244,https://www.google.com/maps/search/?api=1&query=Icarus%20Restaurant%20Dubai&query_place_id=ChIJoXWjf8RpXz4RFEMoYc-q9DI
Super Sport Car Rental Dubai,Car rental agency,Curio Collection by Hilton - V Hotel - Dubai - United Arab Emirates,Dubai,+971 58 628 4443,https://supersportcarrental.com/,info@supersportcarrental.com,4.6,21,https://www.google.com/maps/search/?api=1&query=Super%20Sport%20Car%20Rental%20Dubai&query_place_id=ChIJDaF15xppXz4RwehQWVcyiJg
Girl & the Goose - Restaurante Centroamericano,Restaurant,Anantara Downtown Hotel - Business Bay - Dubai - United Arab Emirates,Dubai,+971 4 575 3760,https://girlandthegoose.com/,,5,1213,https://www.google.com/maps/search/?api=1&query=Girl%20%26%20the%20Goose%20-%20Restaurante%20Centroamericano&query_place_id=ChIJww96BO0VXz4RTtgKyMGmYIs
Yaqoub Almaazmi Advocates & Faragallah Legal Consultancy,Law firm,"Suite #606 - Dubai Design District, Building 1a - Dubai - United Arab Emirates",Dubai,+971 4 568 6523,https://almazmylaw.ae/,info@almazmy.com,4.9,109,https://www.google.com/maps/search/?api=1&query=Yaqoub%20Almaazmi%20Advocates%20%26%20Faragallah%20Legal%20Consultancy&query_place_id=ChIJeUqpZWxpXz4R2w1pqThP25E
GIA,Italian restaurant,Unit GF - 320 New Fashion Avenue - Dubai Mall - Financial Ctr St - Dubai - United Arab Emirates,Dubai,+971 4 234 9986,http://www.instagram.com/gia.dubai,,4.8,9912,https://www.google.com/maps/search/?api=1&query=GIA&query_place_id=ChIJP4pu3CloXz4RCCE2HYKmp5E
Monarch Car Rental,Car rental agency,Site 84 - Sheikh Zayed Rd - next to Eppco 10 - Business Bay - Dubai - United Arab Emirates,Dubai,+971 52 957 8006,http://monarchcars.ae/,%20info@monarchcars.ae,5,46,https://www.google.com/maps/search/?api=1&query=Monarch%20Car%20Rental&query_place_id=ChIJHelY_B4XgQkRTQaitWV7MUM
FRNDS Restaurant,Restaurant,Dubai Dubai Mall - Ground Floor - Burj Khalifa - Downtown Dubai - Dubai - United Arab Emirates,Dubai,+971 4 564 2399,https://frndsdubai.com/,,4.7,1222,https://www.google.com/maps/search/?api=1&query=FRNDS%20Restaurant&query_place_id=ChIJf7FzoeppXz4RG-jlwrJM8DQ
Doors Dubai Mall - Best Shisha Lounge | Breakfast & Fine Dining Restaurant,Restaurant,The Dubai Mall Fashion Avenue Expansion Level 4 - Dubai - United Arab Emirates,Dubai,+971 4 519 6000,https://www.doorsdubai.com/,,4.9,8255,https://www.google.com/maps/search/?api=1&query=Doors%20Dubai%20Mall%20-%20Best%20Shisha%20Lounge%20%7C%20Breakfast%20%26%20Fine%20Dining%20Restaurant&query_place_id=ChIJ1ZaxSmRDXz4RsHWNt57cIKE
The Pods,Fine dining restaurant,Bluewaters Island - near Bluewaters Marine Station - Marsa Dubai - Bluewaters Island - Dubai - United Arab Emirates,Dubai,+971 4 453 8994,http://thepods.ae/,bookings@thepods.ae,4.8,7518,https://www.google.com/maps/search/?api=1&query=The%20Pods&query_place_id=ChIJI-yHhigVXz4RB1vuzZAfM_g
Swiss Butter - Sofitel Downtown,Steak house,Sofitel Downtown - Sheikh Zayed Rd - Burj Khalifa - Dubai - United Arab Emirates,Dubai,+971 4 358 1213,https://swissbutter.com/,,4.7,3210,https://www.google.com/maps/search/?api=1&query=Swiss%20Butter%20-%20Sofitel%20Downtown&query_place_id=ChIJ68QTmZNDXz4R2VWXAIAhFkM
CÉ LA VI,Restaurant,"Tower 2 - Level 54, Address Sky View Hotel - Sheikh Mohammed bin Rashid Blvd - Dubai - United Arab Emirates",Dubai,+971 4 582 6111,https://dxb.celavi.com/,reservation-dxb@celavi.com,4.5,7782,https://www.google.com/maps/search/?api=1&query=C%C3%89%20LA%20VI&query_place_id=ChIJfQZqMTJDXz4RAzXhbWHDkYE
United Cargo & Logistics UAE,Freight forwarding service,"Makateb Building ,19 A street - Al Maktoum Rd - Deira - Dubai - United Arab Emirates",Dubai,+971 58 171 2249,https://www.unitedcargoworld.com/,sales@unitedcargoindia.com,4.5,100,https://www.google.com/maps/search/?api=1&query=United%20Cargo%20%26%20Logistics%20UAE&query_place_id=ChIJSVSxMs9dXz4RUh004UUSYbo
Dinner In The Sky,Restaurant,34RM+FW - Al Sufoh - Al Seyahi St - next to zero gravity - Skydive - Dubai Marina - Dubai - United Arab Emirates,Dubai,+971 58 819 3296,https://dinnerinthesky.ae/,info@dinnerinthesky.ae,4.8,4318,https://www.google.com/maps/search/?api=1&query=Dinner%20In%20The%20Sky&query_place_id=ChIJu9dt-VFrXz4Rt9P7BryQvd4
Pearl Dental Clinic - Business Bay,Dental clinic,"The Citadel - Tower, Shop# 3, Ground floor - Business Bay - Dubai - United Arab Emirates",Dubai,+971 800 732757,https://www.pearldentalclinics.com/,customercare@pearldentalclinics.com,4.9,1632,https://www.google.com/maps/search/?api=1&query=Pearl%20Dental%20Clinic%20-%20Business%20Bay&query_place_id=ChIJN9RyPtBpXz4RymR1bi-Amjs
GLOBAL CONNECT LOGISTICS LLC DUBAI,Logistics service,WAREHOUSE NO-6 - opposite MEGA FIX TYRE - Al Qusais Ind. Third - Dubai - United Arab Emirates,Dubai,+971 50 694 3055,https://www.gclexp.com/,info@gclexp.com,4.3,96,https://www.google.com/maps/search/?api=1&query=GLOBAL%20CONNECT%20LOGISTICS%20LLC%20DUBAI&query_place_id=ChIJM9qJMKNdXz4RpCErd4719f8
Professional Lawyer – Dr. Hassan Elhais,Law firm,Latifa Tower - 37th Floor 3701 Sheikh Zayed Rd - Trade Center First - Dubai - United Arab Emirates,Dubai,+971 4 378 2013,https://professionallawyer.me/,hassan@professionallawyer.me,4.9,303,https://www.google.com/maps/search/?api=1&query=Professional%20Lawyer%20%E2%80%93%20Dr.%20Hassan%20Elhais&query_place_id=ChIJh4RMruhCXz4R6IVnMRYfYDY
Dubai Sky Clinic (by Trio Dental Center),Dental clinic,"Burjuman Business Tower - Unit 2109, Level 21 - Al Mankhool - Dubai - United Arab Emirates",Dubai,+971 4 355 8808,http://www.dubaiskyclinic.com/,trio.burjuman@triodentaluae.com,4.9,447,https://www.google.com/maps/search/?api=1&query=Dubai%20Sky%20Clinic%20(by%20Trio%20Dental%20Center)&query_place_id=ChIJM67FuyVDXz4Rwr4KXc1Ud5U
The Banc Dubai - Restaurant & Bar,Restaurant,Renaissance Hotel - 188 Marasi Dr - Business Bay - Dubai - United Arab Emirates,Dubai,+971 4 566 2262,https://thebanc.ae/?utm_source=google_profile&utm_campaign=localo&utm_medium=mainlink,reservations@thebanc.ae,5,2947,https://www.google.com/maps/search/?api=1&query=The%20Banc%20Dubai%20-%20Restaurant%20%26%20Bar&query_place_id=ChIJkUgpK8RpXz4RwtyHX-sWdps
Birds Dubai,Restaurant,"Valet parking available at P4, The Address Downtown Burj Dubai - 63rd floor - Burj Khalifa - Downtown Dubai - Dubai - United Arab Emirates",Dubai,+971 50 275 4844,https://birdsdubai.ae/,,4.8,498,https://www.google.com/maps/search/?api=1&query=Birds%20Dubai&query_place_id=ChIJyf3i58ZpXz4RcmlVUNcL-xw
POLI Restaurant Dubai,Greek restaurant,Address Dubai Mall - Formerly Address Fountain Views - Downtown - Level 12 - Level 12 Sheikh Mohammed bin Rashid Blvd - Burj Khalifa - Downtown Dubai - Dubai - United Arab Emirates,Dubai,+971 4 422 5263,https://www.poli.ae/,,4.7,328,https://www.google.com/maps/search/?api=1&query=POLI%20Restaurant%20Dubai&query_place_id=ChIJCT6-9EVpXz4RgvMYKwGytSQ
French Dental Clinic,Dental clinic,"2026 Block C, Al Razi Building, Dubai Healthcare City - Dubai - United Arab Emirates",Dubai,+971 4 429 8218,http://www.frenchdentalclinic.com/,info@frenchdentalclinic.com,4.9,173,https://www.google.com/maps/search/?api=1&query=French%20Dental%20Clinic&query_place_id=ChIJo-9wDTRdXz4R5LdgWBsFQVo
Dubai Specialized Dental Center - مركز دبي التخصصي لطب الأسنان,Dental clinic,Al Wuheida - 62 Al Wuheida St - Al Wuheida - Deira - Dubai - United Arab Emirates,Dubai,+971 4 590 8500,http://www.ehs.gov.ae/,,4.7,160,https://www.google.com/maps/search/?api=1&query=Dubai%20Specialized%20Dental%20Center%20-%20%D9%85%D8%B1%D9%83%D8%B2%20%D8%AF%D8%A8%D9%8A%20%D8%A7%D9%84%D8%AA%D8%AE%D8%B5%D8%B5%D9%8A%20%D9%84%D8%B7%D8%A8%20%D8%A7%D9%84%D8%A3%D8%B3%D9%86%D8%A7%D9%86&query_place_id=ChIJBWsV7ZtcXz4RBMyN5LTi1DM
"Al Khoory Inn Hotel, Bur Dubai",Hotel,775X+FVG - 7 17th St - Bur Dubai - Al Hamriya - Dubai - United Arab Emirates,Dubai,+971 4 310 7999,http://alkhooryhotels.com/al-khoory-inn/?partner=9590&utm_source=google&utm_medium=organic&utm_campaign=MyBusiness,info@alkhooryhotels.com,4.6,3944,https://www.google.com/maps/search/?api=1&query=Al%20Khoory%20Inn%20Hotel%2C%20Bur%20Dubai&query_place_id=ChIJp8w6rTtDXz4RyfTyXTjXAU8
Jovee - Japanese & European Restaurant,Restaurant,"souk al bahar , Level 2 - Dubai - United Arab Emirates",Dubai,+971 50 786 8343,https://www.joveedubai.com/,info@joveedubai.com,4.8,2931,https://www.google.com/maps/search/?api=1&query=Jovee%20-%20Japanese%20%26%20European%20Restaurant&query_place_id=ChIJsdbBclFDXz4R2lLH7Qi1BNg
MamaBella Ristorante - Best Italian Restaurant in Dubai,Italian restaurant,Kempinski Hotel - Ground Floor - The Boulevard - Burj Khalifa - Downtown Dubai - Dubai - United Arab Emirates,Dubai,+971 4 430 8999,https://mamabella.co/,contact@mamabella.co,4.7,265,https://www.google.com/maps/search/?api=1&query=MamaBella%20Ristorante%20-%20Best%20Italian%20Restaurant%20in%20Dubai&query_place_id=ChIJPXO_XXxDXz4R4oB-Vw6jxAs
Elaia Dubai,Italian restaurant,Pier 7 - 4th floor Sheikh Zayed Rd - Marsa Dubai - Dubai Marina - Dubai - United Arab Emirates,Dubai,+971 4 576 2389,https://www.elaiadubai.com/,reservations@elaiadubai.com,4.9,462,https://www.google.com/maps/search/?api=1&query=Elaia%20Dubai&query_place_id=ChIJy6vBKHUTXz4RdeBMK1-enqY
Praia | Beach Restaurant & Lounge | FIVE Palm Jumeirah,Restaurant,No. 1 Palm Jumeirah - Dubai - Dubai - United Arab Emirates,Dubai,+971 4 455 9989,https://www.praiadxb.com/,info@fivehotelsandresorts.com,4.9,3650,https://www.google.com/maps/search/?api=1&query=Praia%20%7C%20Beach%20Restaurant%20%26%20Lounge%20%7C%20FIVE%20Palm%20Jumeirah&query_place_id=ChIJ0XGIejdrXz4Ri_hDwHgpzp4
Al Safar & Partners Advocates & Legal Consultants,Law firm,"Saaha Offices 401A Block D, Oldtown, Downtown Near Palace Hotel - Dubai - United Arab Emirates",Dubai,+971 50 154 1471,https://www.alsafarpartners.com/,reception@alsafarpartners.com,4.1,257,https://www.google.com/maps/search/?api=1&query=Al%20Safar%20%26%20Partners%20Advocates%20%26%20Legal%20Consultants&query_place_id=ChIJRQ_3WiloXz4RvRCeSZpz9Xs
Continental Luxury Car Rental,Car rental agency,"Binary by Omniyat Podium Level 3 office, P305 - Business Bay - Dubai - United Arab Emirates",Dubai,+971 58 503 3350,https://continentaldxb.ae/,admin@continentaldxb.ae,4.9,54,https://www.google.com/maps/search/?api=1&query=Continental%20Luxury%20Car%20Rental&query_place_id=ChIJe7BgfwRdXz4RlmoBSxKFZ6M
Al Reyami Advocates and Muhyealdeen International Legal Consultants | Lawyers in Dubai,Law firm,Grosvenor Business Tower - Suite 2406 - Al Thanyah First - Barsha Heights - Dubai - United Arab Emirates,Dubai,+971 4 575 6033,https://alriyamiadvocates.com/,hello@themenectar.com,4.6,94,https://www.google.com/maps/search/?api=1&query=Al%20Reyami%20Advocates%20and%20Muhyealdeen%20International%20Legal%20Consultants%20%7C%20Lawyers%20in%20Dubai&query_place_id=ChIJnx9I6nBrXz4RDDfoRpIEc6Q
"Dubai Best Lawyer - Property Lawyer in Dubai, Law Firm UAE, Alhajeya Alnoobi.",Law firm,"Al Hawai Tower - Office No 304, Sheikh Zayed Road - Financial Centre - Dubai - United Arab Emirates",Dubai,+971 4 352 2144,https://www.dubaibestlawyer.com/,info@dubaibestlawyer.com,4.9,290,https://www.google.com/maps/search/?api=1&query=Dubai%20Best%20Lawyer%20-%20Property%20Lawyer%20in%20Dubai%2C%20Law%20Firm%20UAE%2C%20Alhajeya%20Alnoobi.&query_place_id=ChIJq6pqX4lCXz4RXh2qVJoN_A0
Prestige Exotic Car Rental LLC - Luxury Car Rental Dubai & Rent a car,Car rental agency,Aspin Commercial Tower - Trade Center First - Dubai - United Arab Emirates,Dubai,+971 56 846 9461,https://prestigeecr.com/,info@prestigeecr.com,4.6,49,https://www.google.com/maps/search/?api=1&query=Prestige%20Exotic%20Car%20Rental%20LLC%20-%20Luxury%20Car%20Rental%20Dubai%20%26%20Rent%20a%20car&query_place_id=ChIJS01JXstDXz4RTnSilz5lZDM
Prime Drive Car Rentals - Dubai,Car rental agency,Park Place Tower - Sheikh Zayed Rd - Trade Center First - Dubai - United Arab Emirates,Dubai,+971 50 367 6649,https://royalridescarrentaldubai.com/,,5,20,https://www.google.com/maps/search/?api=1&query=Prime%20Drive%20Car%20Rentals%20-%20Dubai&query_place_id=ChIJeQ4dgr9DXz4RwI5k6S7Qf28
Auto Sisters Rental Cars - Luxury Car Rental Dubai,Car rental agency,A4 - Al Asayel St - Business Bay - Dubai - United Arab Emirates,Dubai,+971 52 433 0057,https://autosistersrentalcar.com/,autosisterscarrentals@gmail.com,4.8,22,https://www.google.com/maps/search/?api=1&query=Auto%20Sisters%20Rental%20Cars%20-%20Luxury%20Car%20Rental%20Dubai&query_place_id=ChIJ19nCdgBpXz4RBNbnBnMJGK0
Lawyers in Dubai | Corporate lawyer Dubai | Criminal Lawyer in Dubai | Araa Group Advocates,Law firm,Empire Heights Tower B - Business Bay - Dubai - United Arab Emirates,Dubai,+971 4 222 2511,http://araalaw.com/,inquiry@araalaw.com,4.9,78,https://www.google.com/maps/search/?api=1&query=Lawyers%20in%20Dubai%20%7C%20Corporate%20lawyer%20Dubai%20%7C%20Criminal%20Lawyer%20in%20Dubai%20%7C%20Araa%20Group%20Advocates&query_place_id=ChIJE0gJT8pcXz4RZJMRhGNTv7c
Nour Attorneys Law Firm - Commercial and Corporate Lawyers in Dubai,Legal services,MSM 1 Building - Office 01-110 - Al Safa 2 - Al Safa - Dubai - United Arab Emirates,Dubai,+971 58 555 2999,https://nourattorneys.com/,,4.7,107,https://www.google.com/maps/search/?api=1&query=Nour%20Attorneys%20Law%20Firm%20-%20Commercial%20and%20Corporate%20Lawyers%20in%20Dubai&query_place_id=ChIJ3yKe2s1cXz4RFuhRUItFRIM
The Firm Dubai Lawyers and Legal Consultants,Law firm,"Aspect Towers, Block D Zone A - Office 3401 - Al Mustaqbal St - Business Bay - Dubai - United Arab Emirates",Dubai,+971 4 443 3013,https://www.thefirmdubai.com/,legal@thefirmdubai.com,4.6,22,https://www.google.com/maps/search/?api=1&query=The%20Firm%20Dubai%20Lawyers%20and%20Legal%20Consultants&query_place_id=ChIJZ4LJ8ilpXz4RCMaXMPomaio
NYK Law Firm - Dubai,Law firm,"Block B, Latifa Tower - Office No. 1107, 11th Floor - Sheikh Zayed Rd - Dubai - United Arab Emirates",Dubai,+971 52 644 3007,https://nyk.ae/,ask@tlr.ae,4.9,151,https://www.google.com/maps/search/?api=1&query=NYK%20Law%20Firm%20-%20Dubai&query_place_id=ChIJrR59kp9DXz4RQ0MkprmmrY8
Modena Car Rental L.L.C - Car Rental Dubai,Car rental agency,Prime Tower - floor 24th - Business Bay - Dubai - United Arab Emirates,Dubai,+971 58 580 5861,https://modenacar.com/,,5,140,https://www.google.com/maps/search/?api=1&query=Modena%20Car%20Rental%20L.L.C%20-%20Car%20Rental%20Dubai&query_place_id=ChIJSbP8BOlpXz4Ry94fm1gIyzI
Thrifty Car Rental - The Dubai Mall,Car rental agency,Ground Floor Waitrose Lobby - Financial Ctr St - Dubai - United Arab Emirates,Dubai,+971 54 581 2451,http://www.thriftyuae.com/,,4.3,478,https://www.google.com/maps/search/?api=1&query=Thrifty%20Car%20Rental%20-%20The%20Dubai%20Mall&query_place_id=ChIJgfc7AShoXz4R67YqAC4SIho
DRIVEX CAR RENTAL DUBAI - LUXURY & AFFORDABLE CARS,Car rental agency,Marasi Dr - Business Bay - Dubai - United Arab Emirates,Dubai,+971 56 121 5152,http://drivex.ae/,info@drivex.ae,5,434,https://www.google.com/maps/search/?api=1&query=DRIVEX%20CAR%20RENTAL%20DUBAI%20-%20LUXURY%20%26%20AFFORDABLE%20CARS&query_place_id=ChIJ7TgicIxpXz4Raq_4rkmbM14
ASK THE LAW - Lawyers & Legal Consultants in Dubai - Debt Collection,Law firm,Fifty One Tower - Unit 1601 - Marasi Dr - Dubai - United Arab Emirates,Dubai,+971 50 188 8453,https://askthelaw.ae/,collection@askthelaw.ae,4.6,64,https://www.google.com/maps/search/?api=1&query=ASK%20THE%20LAW%20-%20Lawyers%20%26%20Legal%20Consultants%20in%20Dubai%20-%20Debt%20Collection&query_place_id=ChIJAQBk3CRoXz4RRPMQ-l8pmR4
Ramada by Wyndham Downtown Dubai,Hotel,Boulevard Street - Dubai - United Arab Emirates,Dubai,+971 4 330 7330,https://www.wyndhamhotels.com/en-uk/ramada/dubai-united-arab-emirates/ramada-downtown-dubai/overview?CID=LC:wmcic5n98gs1g0r:33637&iata=00093796,,4.6,6302,https://www.google.com/maps/search/?api=1&query=Ramada%20by%20Wyndham%20Downtown%20Dubai&query_place_id=ChIJJxx_kYdCXz4REnJnPtYpvXg
"The St. Regis Dubai, The Palm",Hotel,The Palm Jumeirah - Dubai - United Arab Emirates,Dubai,+971 4 218 0000,https://www.marriott.com/en-us/hotels/dxbpx-the-st-regis-dubai-the-palm/overview/?scid=f2ae0541-1279-4f24-b197-a979c79310b0,,4.5,1792,https://www.google.com/maps/search/?api=1&query=The%20St.%20Regis%20Dubai%2C%20The%20Palm&query_place_id=ChIJo22Ljw1rXz4RkciYKT0agT8
Royal Dream Rent A Car - Best Luxury Car Rental Dubai,Car rental agency,Prime Tower - Business Bay - Dubai - United Arab Emirates,Dubai,+971 52 157 4590,https://royaldream.ae/?utm_source=google_profile&utm_campaign=localo&utm_medium=mainlink,,4.9,401,https://www.google.com/maps/search/?api=1&query=Royal%20Dream%20Rent%20A%20Car%20-%20Best%20Luxury%20Car%20Rental%20Dubai&query_place_id=ChIJwRS0Ly6NYoYRgoMSOkP_KH8
"The Tap House, Downtown",Gastropub,Souk Al Bahar - Burj Khalifa - Downtown Dubai - Dubai - United Arab Emirates,Dubai,+971 4 425 0009,http://thetaphouse.ae/,info@thetaphouse.ae,4.8,2856,https://www.google.com/maps/search/?api=1&query=The%20Tap%20House%2C%20Downtown&query_place_id=ChIJe-GhbGdpXz4RCs84lmajHxk
Uptown Rent a Car - Luxury Cars for Rent in Dubai,Car rental agency,Empire Heights Tower B - R10 Al Asayel St - Business Bay - Dubai - United Arab Emirates,Dubai,+971 58 687 7777,https://api.whatsapp.com/send?phone=971586877777&text=Hey%20Uptown%20Rent%20Car%2C%20i%20interested%20in%20renting%20a%20car%20in%20dubai%2C%20what%20are%20your%20current%20offers%20and%20promotions%20%3F%20,,4.9,2918,https://www.google.com/maps/search/?api=1&query=Uptown%20Rent%20a%20Car%20-%20Luxury%20Cars%20for%20Rent%20in%20Dubai&query_place_id=ChIJNRxEUSRoXz4R2S9NoBCBH9Q
PARADISE VIP CAR RENTAL - Luxury & Sports Car Rental in Dubai,Car rental agency,"of Burlington Tower - Office 23, 18th floor Marasi Dr - Business Bay - Dubai - United Arab Emirates",Dubai,+971 50 783 6195,https://carrentaldubai.com/,,4.8,21,https://www.google.com/maps/search/?api=1&query=PARADISE%20VIP%20CAR%20RENTAL%20-%20Luxury%20%26%20Sports%20Car%20Rental%20in%20Dubai&query_place_id=ChIJJyUAT6FpXz4Rdn3do3WQsi0
Grand Hyatt Dubai,Resort hotel,Riyadh Street - Sheikh Rashid Rd - Dubai Healthcare City - Dubai - United Arab Emirates,Dubai,+971 4 317 1234,https://www.hyatt.com/grand-hyatt/en-US/dxbgh-grand-hyatt-dubai?src=corp_lclb_google_seo_dxbgh&utm_source=google&utm_medium=organic&utm_campaign=lmr,,4.6,16369,https://www.google.com/maps/search/?api=1&query=Grand%20Hyatt%20Dubai&query_place_id=ChIJo2mM-EZdXz4RDa_DMxx70r0
W Dubai - The Palm,Hotel,West Crescent - Palm Jumeirah - Dubai - United Arab Emirates,Dubai,+971 4 245 5555,https://www.marriott.com/en-us/hotels/dxbtp-w-dubai-the-palm/overview/?scid=f2ae0541-1279-4f24-b197-a979c79310b0,,4.5,5007,https://www.google.com/maps/search/?api=1&query=W%20Dubai%20-%20The%20Palm&query_place_id=ChIJbTHIgIEVXz4RIPXU6nFB2Gs
Waldorf Astoria Dubai Palm Jumeirah,Resort hotel,Crescent Rd - The Palm Jumeirah - Dubai - United Arab Emirates,Dubai,+971 4 818 2222,https://www.hilton.com/en/hotels/dxbpdwa-waldorf-astoria-dubai-palm-jumeirah/?SEO_id=GMB-EMEA-WA-DXBPDWA,,4.8,14390,https://www.google.com/maps/search/?api=1&query=Waldorf%20Astoria%20Dubai%20Palm%20Jumeirah&query_place_id=ChIJ__30xjFrXz4RVhGdvh_K-cw
JW Marriott Marquis Hotel Dubai,Hotel,57P4+8J - Business Bay - Dubai - United Arab Emirates,Dubai,+971 4 414 0000,https://www.marriott.com/en-us/hotels/dxbjw-jw-marriott-marquis-hotel-dubai/overview/?scid=f2ae0541-1279-4f24-b197-a979c79310b0,,4.6,22071,https://www.google.com/maps/search/?api=1&query=JW%20Marriott%20Marquis%20Hotel%20Dubai&query_place_id=ChIJ4UiYidlpXz4RrHQmF23CVDg
HHS Lawyers And Legal Consultants - Lawyers in Dubai,Law firm,"IBIS Hotel Building Office Entrance 5th Floor, Office No.: 5008 - Al Rigga Rd - Dubai - United Arab Emirates",Dubai,+971 52 178 2364,https://hhslawyers.com/?utm_source=google&utm_medium=GMB&utm_campaign=Dubai,sales@hhslawyer.ae,4.6,385,https://www.google.com/maps/search/?api=1&query=HHS%20Lawyers%20And%20Legal%20Consultants%20-%20Lawyers%20in%20Dubai&query_place_id=ChIJ68ljt85cXz4Ra7agw2_HdCM
Dubai Marine Beach Resort & Spa,Resort hotel,Dubai Marine Beach Resort & Spa Hotel - 3 21A St - Jumeirah - Jumeira First - Dubai - United Arab Emirates,Dubai,+971 4 346 1111,https://www.dxbmarine.com/,,4.4,6909,https://www.google.com/maps/search/?api=1&query=Dubai%20Marine%20Beach%20Resort%20%26%20Spa&query_place_id=ChIJjTvwMFNCXz4R8L6YcCw8Fhs
Rental Cars UAE | Downtown,Car rental agency,"Mall, Burj Khalifa - 3902 - Downtown, Dubai - Downtown Dubai - Dubai - United Arab Emirates",Dubai,+971 800 22799,https://rentalcarsuae.com/,infoamexcars@gmail.com,4.1,339,https://www.google.com/maps/search/?api=1&query=Rental%20Cars%20UAE%20%7C%20Downtown&query_place_id=ChIJg3Yc34FCXz4Ry_o7ubrO2C8
Rental Cars UAE | Dubai Marina,Car rental agency,Horizon Tower - 218 Al Marsa St - Marsa Dubai - Jumeirah Beach Residence - Dubai - United Arab Emirates,Dubai,+971 800 22799,https://rentalcarsuae.com/,infoamexcars@gmail.com,4.2,319,https://www.google.com/maps/search/?api=1&query=Rental%20Cars%20UAE%20%7C%20Dubai%20Marina&query_place_id=ChIJpx_9cRddXz4RBUcSoYe64Lc
Premier Inn Dubai International Airport Hotel,Hotel,52B Street - Al Garhoud - Dubai - United Arab Emirates,Dubai,+971 4 521 9263,https://mena.premierinn.com/en/hotel-directory/dubai/dubai-international-airport-hotel/?utm_source=google&utm_medium=organic&utm_campaign=Google_Business_Profile_website_URL,salessupport@mena.premierinn.com,4.7,7604,https://www.google.com/maps/search/?api=1&query=Premier%20Inn%20Dubai%20International%20Airport%20Hotel&query_place_id=ChIJiccit5pdXz4RkHXyJFFFP5o
Swissôtel Al Murooj Dubai,Hotel,Al Mustaqbal St - Trade Center Second - DIFC - Dubai - United Arab Emirates,Dubai,+971 4 321 1111,https://all.accor.com/lien_externe.svlt?goto=fiche_hotel&code_hotel=B758&merchantid=seo-maps-AE-B758&sourceid=aw-cen&utm_medium=seo%20maps&utm_source=google%20Maps&utm_campaign=seo%20maps,almurooj@swissotel.com,4.7,26299,https://www.google.com/maps/search/?api=1&query=Swiss%C3%B4tel%20Al%20Murooj%20Dubai&query_place_id=ChIJDzGYLNpfXz4RdDaCf_vLFf0
FIVE Palm Jumeirah Hotel,Hotel,No. 1 Palm - Dubai - United Arab Emirates,Dubai,+971 4 455 9999,https://palmjumeirah.fivehotelsandresorts.com/,info@fivehotelsandresorts.com,4.7,25120,https://www.google.com/maps/search/?api=1&query=FIVE%20Palm%20Jumeirah%20Hotel&query_place_id=ChIJ_-wTYzdrXz4RrrhErFCw21o
The Canvas Dubai- MGallery Hotel Collection,Hotel,774P+26G - 23 Kuwait St - Bur Dubai - Port Rashid - Dubai - United Arab Emirates,Dubai,+971 4 386 8111,https://www.thecanvasdubaihotel.com/,hb394@accor.com,4.4,7180,https://www.google.com/maps/search/?api=1&query=The%20Canvas%20Dubai-%20MGallery%20Hotel%20Collection&query_place_id=ChIJDRCGhgZDXz4RbQHDQPNWk2w
"Radisson Blu Hotel, Dubai Waterfront",Hotel,Marasi Dr - Business Bay - Dubai - United Arab Emirates,Dubai,+971 4 249 7800,https://www.radissonhotels.com/en-us/hotels/radisson-blu-dubai-waterfront?cid=a:se+b:gmb+c:emea+i:local+e:rdb+d:mea+h:AEDXBWTR,info.waterfront.dubai@radissonblu.com,4.6,10294,https://www.google.com/maps/search/?api=1&query=Radisson%20Blu%20Hotel%2C%20Dubai%20Waterfront&query_place_id=ChIJbXSi-tJpXz4RZoyCnf4XkGU
Khairallah Advocates & Legal Consultants | Lawyers in Dubai,Law firm,"Office # 3504, Level 35 - Churchill Tower - Business Bay - Dubai - United Arab Emirates",Dubai,+971 4 427 0845,http://www.khairallahlegal.com/,,4.4,90,https://www.google.com/maps/search/?api=1&query=Khairallah%20Advocates%20%26%20Legal%20Consultants%20%7C%20Lawyers%20in%20Dubai&query_place_id=ChIJp9xSMM5pXz4RexV60Kf5mLQ
ROYAL GULF SHIPPING & LOGISTICS LLC DUBAI,Logistics service,"Royal Gulf Logistics Park, Shed 1-4 - منطقة رأس الخور الصناعية - Dubai - United Arab Emirates",Dubai,+971 50 972 4214,https://royalgulfshipping.com/,info@royalgulfshipping.com,4.5,30,https://www.google.com/maps/search/?api=1&query=ROYAL%20GULF%20SHIPPING%20%26%20LOGISTICS%20LLC%20DUBAI&query_place_id=ChIJRQSgdVVnXz4RqYMmH-P1vzM
Saif Al Shamsi Advocates & Legal Consultants - Lawyer in Dubai,Law firm,"Deira - Business Village - Block B, Office 532 - near Deira Clock Tower - Port Saeed - Dubai - United Arab Emirates",Dubai,+971 50 768 8273,https://saifalshamsiadvo.com/,info@saifalshamsiadvo.com,4.8,290,https://www.google.com/maps/search/?api=1&query=Saif%20Al%20Shamsi%20Advocates%20%26%20Legal%20Consultants%20-%20Lawyer%20in%20Dubai&query_place_id=ChIJ812c1QhdXz4RHBqabgH16gU
One And Only Car Rental Dubai,Car rental agency,"One and Only Car Rental , Shop S-7, Al Wasl Sports Club Shops - 11-0 - Al Jadaf - Dubai - United Arab Emirates",Dubai,+971 56 997 0781,http://oneandonlycarsrental.com/,oneandonlyrentacar@gmail.com,4.9,115,https://www.google.com/maps/search/?api=1&query=One%20And%20Only%20Car%20Rental%20Dubai&query_place_id=ChIJ5VG3hqxdXz4RG77yWJH8J1A
Union Logistics Fze,Shipping company,W40 C - Dubai Int'l Airport - Dubai Airport Free Zone - Dubai - United Arab Emirates,Dubai,+971 4 299 6565,http://www.unionlogistics.ae/,info@unionlogistics.ae,4.4,47,https://www.google.com/maps/search/?api=1&query=Union%20Logistics%20Fze&query_place_id=ChIJDxBnR61dXz4RfcSWqnjsCOQ
INTEGRATED NATIONAL LOGISTICS DWC LLC,Warehouse,"Plots W5,W6,W7 - Dubai South - Dubai South Logistics District - Dubai - United Arab Emirates",Dubai,+971 4 816 0600,https://www.inl.ae/,,4.3,132,https://www.google.com/maps/search/?api=1&query=INTEGRATED%20NATIONAL%20LOGISTICS%20DWC%20LLC&query_place_id=ChIJeeOmU2gLXz4REL0SGyCoaxU
LSC FREIGHTS & LOGISTICS LLC,Logistics service,Montana Building - Office 206 Za'abeel St - Al Karama - Dubai - United Arab Emirates,Dubai,+971 55 366 5495,http://www.lscfreights.com/,harvinder@lscfreights.com,5,162,https://www.google.com/maps/search/?api=1&query=LSC%20FREIGHTS%20%26%20LOGISTICS%20LLC&query_place_id=ChIJezR_pXhnXz4RS4kT7OwZb_Y
Maison De Curry | Restaurant with the best views of Burj Khalifa & Dubai Fountains,Restaurant,Souk Al Bahar - Sheikh Mohammed bin Rashid Blvd - Burj Khalifa - Downtown Dubai - Dubai - United Arab Emirates,Dubai,+971 52 406 6183,https://maisondecurry.com/,mdc@passionfandb.com,4.8,5576,https://www.google.com/maps/search/?api=1&query=Maison%20De%20Curry%20%7C%20Restaurant%20with%20the%20best%20views%20of%20Burj%20Khalifa%20%26%20Dubai%20Fountains&query_place_id=ChIJH23ZiWlpXz4RDr6Vx0oRweE
Interior Design Company,Interior construction contractor,Trade Center First - Dubai - United Arab Emirates,Dubai,+971 55 836 0019,https://www.google.com/maps/search/?api=1&query=Interior%20Design%20Company&query_place_id=ChIJczNhs1BbXz4RdTvjNyCw5ww,,2.8,9,https://www.google.com/maps/search/?api=1&query=Interior%20Design%20Company&query_place_id=ChIJczNhs1BbXz4RdTvjNyCw5ww
Royal Fitout & Interior Design Dubai,Interior designer,"26PC+XPG European Building, Canal Residence West - Al Hebiah Fourth - Dubai Sports City - Dubai - United Arab Emirates",Dubai,+971 56 855 9862,http://royalfitoutdubai.com/,,5,78,https://www.google.com/maps/search/?api=1&query=Royal%20Fitout%20%26%20Interior%20Design%20Dubai&query_place_id=ChIJL5NomMptXz4RUxLQyx10PrY
Palm Beach Hotel Bur Dubai,Hotel,Khalid Bin Al Waleed Rd - Bur Dubai - Dubai - United Arab Emirates,Dubai,+971 4 393 1999,https://www.palmbeachhoteldubai.com/,,3.6,3085,https://www.google.com/maps/search/?api=1&query=Palm%20Beach%20Hotel%20Bur%20Dubai&query_place_id=ChIJAauOmZhdXz4RkJgo1j-UjyQ
Prox Luxury Car Rental Downtown Dubai,Car rental agency,Souk Al Bahar Bridge - Burj Khalifa - Downtown Dubai - Dubai - United Arab Emirates,Dubai,+971 50 379 6333,https://proxluxuryrentals.com/,,4.8,99,https://www.google.com/maps/search/?api=1&query=Prox%20Luxury%20Car%20Rental%20Downtown%20Dubai&query_place_id=ChIJL0zl2yloXz4RRUjiu_zhdQo
Atlantis - The Palm,Resort hotel,Crescent Rd - The Palm Jumeirah - Dubai - United Arab Emirates,Dubai,+971 4 426 0000,https://www.atlantis.com/atlantis-the-palm?utm_source=googleplaces&utm_medium=location&utm_campaign=atp&utm_content=listing,dxb-info@atlantisdubai.com,4.7,101495,https://www.google.com/maps/search/?api=1&query=Atlantis%20-%20The%20Palm&query_place_id=ChIJeckJNj4VXz4RxUqAikFalAU
Safe Box Logistics LLC Dubai,Warehouse,DAFZA office #120 - Block D - Freight Gate 5 2rd Floor - Dubai - United Arab Emirates,Dubai,+971 4 370 7344,http://www.safeboxlogistics.com/,info@safeboxlogistics.com,4.6,85,https://www.google.com/maps/search/?api=1&query=Safe%20Box%20Logistics%20LLC%20Dubai&query_place_id=ChIJV1bBQ0ZdXz4RYxPCXghIFCs
Global Logistics,Logistics service,Madinat Al Mataar - Dubai South - Dubai - United Arab Emirates,Dubai,,http://www.gnplogistics.com/,info@gnplogistics.com,4.8,58,https://www.google.com/maps/search/?api=1&query=Global%20Logistics&query_place_id=ChIJayhO_KAMXz4RC99P2cQCXA8
'Tre'Log LLC-Shipping Freight & Projects.Dubai.UAE,Freight forwarding service,Airport FZ Metro - Al Twar 5 - Dubai - United Arab Emirates,Dubai,,https://www.trelogs.com/,sales@trelogs.com,4.9,127,https://www.google.com/maps/search/?api=1&query='Tre'Log%20LLC-Shipping%20Freight%20%26%20Projects.Dubai.UAE&query_place_id=ChIJWzHZW0pcXz4RnbU0fTqDSZU
Jumeirah Burj Al Arab,Hotel,Umm Suqeim Third - Umm Suqeim 3 - Dubai - United Arab Emirates,Dubai,+971 4 301 7777,https://www.jumeirah.com/en/stay/dubai/burj-al-arab-jumeirah?utm_source=google&utm_medium=google%20places&utm_campaign=hotel,baainfo@jumeirah.com,4.7,30812,https://www.google.com/maps/search/?api=1&query=Jumeirah%20Burj%20Al%20Arab&query_place_id=ChIJLc8UZFdqXz4ROODwebhx2rM
Immersion Interior Design LLC,Interior designer,"BB2, Mazaya Business Avenue - Office 2306 , BB2 - Dubai - United Arab Emirates",Dubai,+971 4 328 5200,https://immersiondesigns.com/,info@immersiondesigns.com,4.5,189,https://www.google.com/maps/search/?api=1&query=Immersion%20Interior%20Design%20LLC&query_place_id=ChIJAQAAiexpXz4R2VtvHjGELj8
FAB AUTO CAR RENTAL L.L.C,Car rental agency,"Al Wasl Building , Next to Dubai Mall/ Burj Khalifa Metro Station, Exit 2 - Sheikh Zayed Rd - Al Wasl - Dubai - United Arab Emirates",Dubai,+971 56 453 4545,https://fabautorental.com/,,5,39,https://www.google.com/maps/search/?api=1&query=FAB%20AUTO%20CAR%20RENTAL%20L.L.C&query_place_id=ChIJl2w3yQBrXz4R7BzG0C-VS84
Sea Prince Logistics JAFZA | Warehouse in Jebel Ali | Shipping and Custom clearance in Dubai | Since 1996,Logistics service,"24°57'27. 55°03'57.0""E Plot # MO0706, Street N200, JAFZA North - Dubai - United Arab Emirates",Dubai,+971 54 995 7598,https://seaprince.ae/,kashif@seaprince.ae,4.8,74,https://www.google.com/maps/search/?api=1&query=Sea%20Prince%20Logistics%20JAFZA%20%7C%20Warehouse%20in%20Jebel%20Ali%20%7C%20Shipping%20and%20Custom%20clearance%20in%20Dubai%20%7C%20Since%201996&query_place_id=ChIJ8eB6XZkNXz4RBDIroNP_IR4
Miami Car Rental,Car rental agency,Residences at Business Central RBC by Damac - Shop No 3 - Marasi Dr - Business Bay - Dubai - United Arab Emirates,Dubai,+971 56 404 0544,https://mcruae.com/,info@mcrdxb.com,4.8,485,https://www.google.com/maps/search/?api=1&query=Miami%20Car%20Rental&query_place_id=ChIJgxeds6RpXz4RTvmJi6InniM
Sunday Mega Hotel Sheikh Zayed Road Near DIFC formerly Emirates Grand Hotel,Hotel,116957 Sheikh Zayed Rd - Trade Center First - Dubai - United Arab Emirates,Dubai,+971 4 541 6355,https://www.oyorooms.com/291238/,,3.7,3710,https://www.google.com/maps/search/?api=1&query=Sunday%20Mega%20Hotel%20Sheikh%20Zayed%20Road%20Near%20DIFC%20formerly%20Emirates%20Grand%20Hotel&query_place_id=ChIJ60jv_ddDXz4RHa5r58Yb2Do
APL Global Logistics Import & Export Dubai,Logistics service,Warehouse No. D-26 DAFZA - Dubai Airport Free Zone - Dubai - United Arab Emirates,Dubai,+971 4 294 9439,http://www.aplgloballogistic.com/,,4.9,27,https://www.google.com/maps/search/?api=1&query=APL%20Global%20Logistics%20Import%20%26%20Export%20Dubai&query_place_id=ChIJIS9pkUVdXz4RxdAA-6GHe9Q
DZ Design,Interior designer,"205 B, Building 6 - Dubai - United Arab Emirates",Dubai,+971 4 514 9045,http://www.dzdae.com/,info@dzdae.com,4.7,63,https://www.google.com/maps/search/?api=1&query=DZ%20Design&query_place_id=ChIJnSfpzRZoXz4RV-6b3LBPDGk
ORRO INTERIOR DESIGN LLC | Luxury Fit out Contractor in Dubai & AbuDhabi | Fit out Company,Contractor,"St - office 509, sapphire Tower - Al Ittihad Rd - Port Saeed - Dubai - United Arab Emirates",Dubai,+971 4 265 4444,http://www.orrointeriors.com/,info@orrointeriors.com,4.7,69,https://www.google.com/maps/search/?api=1&query=ORRO%20INTERIOR%20DESIGN%20LLC%20%7C%20Luxury%20Fit%20out%20Contractor%20in%20Dubai%20%26%20AbuDhabi%20%7C%20Fit%20out%20Company&query_place_id=ChIJ9TZAXtxcXz4RAlXlSjDDA20
Taj Dubai,Hotel,Burj Khalifa St - Business Bay - Dubai - United Arab Emirates,Dubai,+971 4 438 3100,https://www.tajhotels.com/en-in/hotels/taj-dubai?utm_source=google&utm_medium=local&utm_campaign=taj-dubai,contacttaj@tajhotels.com,4.6,7667,https://www.google.com/maps/search/?api=1&query=Taj%20Dubai&query_place_id=ChIJyer95yhoXz4Rwl9l67jIHT4
Muse Interior Design,Interior designer,"Dubai Design District, building 1B, office 601 - Dubai - United Arab Emirates",Dubai,+971 55 357 3290,https://musedesign.ae/,info@musedesign.ae,4.9,106,https://www.google.com/maps/search/?api=1&query=Muse%20Interior%20Design&query_place_id=ChIJAWg74T5DXz4Rrmq-ktVroSg
AL Wahat Accounting & Bookkeeping - Auditing firm in Dubai | VAT Consultancy | Corporate Tax | Accounting | goAML & AML,Accounting firm,"AWR Properties, Al Fahidi Heights - Unit 32 -4th Floor - Office Tower 4th St - beside Central Mall - exit - Al Hamriya - Dubai - United Arab Emirates",Dubai,+971 50 358 2153,https://www.awservices.ae/,support@awservices.ae,5,66,https://www.google.com/maps/search/?api=1&query=AL%20Wahat%20Accounting%20%26%20Bookkeeping%20-%20Auditing%20firm%20in%20Dubai%20%7C%20VAT%20Consultancy%20%7C%20Corporate%20Tax%20%7C%20Accounting%20%7C%20goAML%20%26%20AML&query_place_id=ChIJh_PVWLDI3mIR0lTYgSc5ZsM
"Interior Company Design Studio, Dubai",Interior designer,"Interior Company Dubai, Office No. 2501, 17th Floor - Sheikh Zayed Rd - Barsha Heights - Dubai - United Arab Emirates",Dubai,+971 50 128 9712,https://www.interiorcompany.com/dubai,care@interiorcompany.com,4.1,207,https://www.google.com/maps/search/?api=1&query=Interior%20Company%20Design%20Studio%2C%20Dubai&query_place_id=ChIJ2V87DU5rXz4RF7Vcbe997ck
Alma Cargo Services | Best Logistics and Shipping Company in Dubai | Customs Clearance Agent Dubai | Freight Forwarding UAE,Logistics service,Oppo Al Khail Mall - Latifa Bint Hamdan St - Al Quoz - Dubai - United Arab Emirates,Dubai,+971 50 624 0236,https://www.almacargodubai.com/,alsahal@emirates.net.ae,4.8,103,https://www.google.com/maps/search/?api=1&query=Alma%20Cargo%20Services%20%7C%20Best%20Logistics%20and%20Shipping%20Company%20in%20Dubai%20%7C%20Customs%20Clearance%20Agent%20Dubai%20%7C%20Freight%20Forwarding%20UAE&query_place_id=ChIJ5w95ep5pXz4RxLMwNr0ybc0
"Interior Design Company in Dubai, Fit Out Company - Upper Room Interiors",Interior designer,ParkLane Tower - Office: 1501 - 15th Floor - Business Bay - Dubai - United Arab Emirates,Dubai,+971 52 158 5923,https://urinteriors.ae/,info@urinteriors.ae,5,119,https://www.google.com/maps/search/?api=1&query=Interior%20Design%20Company%20in%20Dubai%2C%20Fit%20Out%20Company%20-%20Upper%20Room%20Interiors&query_place_id=ChIJW4PR-Ohqyq0RPsjHVFHKf4w
Interior Company,Interior designer,"Al Raihan Tower - Office No. J511/512, 5th Floor - 46th St - next to Movenpick Hotel - Al Mamzar - The Town Square - Dubai - United Arab Emirates",Dubai,+971 4 258 8826,https://www.interiorcompany.ae/,info@interiorcompany.ae,4.9,29,https://www.google.com/maps/search/?api=1&query=Interior%20Company&query_place_id=ChIJSbHh-aZDXz4RwCfXyERs0nY
Algedra Interior Design,Interior designer,"Office 1501, JBC 3 - Cluster Y, Jumeirah Lake Towers - Dubai - United Arab Emirates",Dubai,+971 52 811 1106,https://algedra.ae/,hello@algedra.ae,4.3,145,https://www.google.com/maps/search/?api=1&query=Algedra%20Interior%20Design&query_place_id=ChIJ__9vzqZsXz4RPbiUT8zIef4
Emirates Logistics Head Office,Logistics service,New Sharaf Building - 2nd Floor - Khalid Bin Al Waleed Rd - next to Burjuman Metro Station - Umm Hurair 1 - Dubai - United Arab Emirates,Dubai,+971 4 337 7177,https://emirateslogistics.com/,info@emirateslogistics.com,4.2,177,https://www.google.com/maps/search/?api=1&query=Emirates%20Logistics%20Head%20Office&query_place_id=ChIJC-ju8ypDXz4Rih2XYd3eP4w
Paul & Hassan Chartered Accountants,Accounting firm,"Zabeel Business Center, Karama Post - Office Office No.301 - Al Karama - Dubai - United Arab Emirates",Dubai,+971 4 337 9966,http://www.paulhassan.com/,contact@paulhassan.com,4.6,211,https://www.google.com/maps/search/?api=1&query=Paul%20%26%20Hassan%20Chartered%20Accountants&query_place_id=ChIJe8NbPtRCXz4R4xmjNJ8PcsQ
TRANSPORT & LOGISTICS,Trucking company,Al - Warsan1 - Warsan First - England Cluster - Dubai - United Arab Emirates,Dubai,+971 52 777 4008,http://www.punhanigroup.com/,info@punhanigroup.com,4.9,239,https://www.google.com/maps/search/?api=1&query=TRANSPORT%20%26%20LOGISTICS&query_place_id=ChIJgUBxg8phXz4RnMw8subrwlU
Bahr Al Sultan Decor - Sharjah Interior Design Company-شركة التصميم الداخلي الشارقة-dubai Interior Design Company,Interior Decorator,"Warehouse#001, , Industrial Area 5, Business bay DXB Sharjah - Dubai - United Arab Emirates",Dubai,+971 56 135 7641,https://bahralsultan.blogspot.com/,b.bidcont@gmail.com,4.8,29,https://www.google.com/maps/search/?api=1&query=Bahr%20Al%20Sultan%20Decor%20-%20Sharjah%20Interior%20Design%20Company-%D8%B4%D8%B1%D9%83%D8%A9%20%D8%A7%D9%84%D8%AA%D8%B5%D9%85%D9%8A%D9%85%20%D8%A7%D9%84%D8%AF%D8%A7%D8%AE%D9%84%D9%8A%20%D8%A7%D9%84%D8%B4%D8%A7%D8%B1%D9%82%D8%A9-dubai%20Interior%20Design%20Company&query_place_id=ChIJ7TewojdZXz4R_WT5d6Gn-Co
NRS CHARTERED ACCOUNTANTS LLC (Formerly known as SAHAL ACCOUNTING SERVICES),Accounting firm,Saeed Tower 2 - 303 - Trade Center First - Dubai - United Arab Emirates,Dubai,+971 56 520 2779,https://www.vatfile.com/,info@vatfile.com,4.9,36,https://www.google.com/maps/search/?api=1&query=NRS%20CHARTERED%20ACCOUNTANTS%20LLC%20(Formerly%20known%20as%20SAHAL%20ACCOUNTING%20SERVICES)&query_place_id=ChIJVzPA2YxCXz4R6THci1IOsc8
Farahat & Co. - Auditing Firm and TAX Consultants,Accounting firm,IBIS Hotel Building - Office Entrance 5th Floor - Office No.5001 - Al Rigga Rd - Dubai - United Arab Emirates,Dubai,+971 4 250 0251,https://farahatco.com/?utm_source=google&utm_medium=GMB&utm_campaign=Dubai,sales@farahatco.ae,4.6,111,https://www.google.com/maps/search/?api=1&query=Farahat%20%26%20Co.%20-%20Auditing%20Firm%20and%20TAX%20Consultants&query_place_id=ChIJj_BSv85cXz4RYQqx0tjVqwk
Antonovich Design - Interior Design and Fit Out Company in Dubai,Interior designer,"Unit no. 4 Bldg. Plot No, 333-1103 - Al Wasl Rd - Al Bada' - Jumeirah 1 - Dubai - United Arab Emirates",Dubai,+971 54 299 5555,https://antonovich-design.ae/,info@antonovich-group.ae,4.5,158,https://www.google.com/maps/search/?api=1&query=Antonovich%20Design%20-%20Interior%20Design%20and%20Fit%20Out%20Company%20in%20Dubai&query_place_id=ChIJy_9w5ihoXz4RRmPir_uTDeU
Global Shipping & Logistics LLC,Logistics service,Dubai Investment Park - Dubai - United Arab Emirates,Dubai,+971 4 885 1566,https://www.gsldubai.com/,info@gsldubai.com,4.3,368,https://www.google.com/maps/search/?api=1&query=Global%20Shipping%20%26%20Logistics%20LLC&query_place_id=ChIJDYoc0KVyXz4R3dGDn6m-4Lo
"Kerand South Accounting & Auditing Firm in Dubai, UAE",Accounting firm,Sultan Business Center - Office - 210 - Oud Metha - Dubai - United Arab Emirates,Dubai,+971 54 386 9123,https://kerandsouth.ae/,enquiry@kerandsouth.ae,4.9,18,https://www.google.com/maps/search/?api=1&query=Kerand%20South%20Accounting%20%26%20Auditing%20Firm%20in%20Dubai%2C%20UAE&query_place_id=ChIJw_ZX0npDXz4R61qvWFZzSjU
RSN Finance Consultancy | Accounting firms in Dubai UAE | Audit firms in Dubai UAE | Business setup firms in Dubai UAE,Accounting firm,Silver Tower - Office No. 2507 - Business Bay - Dubai - United Arab Emirates,Dubai,+971 4 449 6599,http://www.rsnfinance.com/,admin@rsnfinance.com,5,43,https://www.google.com/maps/search/?api=1&query=RSN%20Finance%20Consultancy%20%7C%20Accounting%20firms%20in%20Dubai%20UAE%20%7C%20Audit%20firms%20in%20Dubai%20UAE%20%7C%20Business%20setup%20firms%20in%20Dubai%20UAE&query_place_id=ChIJdctwJZlpXz4RN7WTq0wiZ-Q
RVG Chartered Accountants,Certified public accountant,"Office No 109, The Atrium Center Al Mankhool - Bur Dubai - Dubai - United Arab Emirates",Dubai,+971 54 302 5868,https://rvguae.com/,info@rvguae.com,4.9,636,https://www.google.com/maps/search/?api=1&query=RVG%20Chartered%20Accountants&query_place_id=ChIJ-YgfJDRDXz4RNpoh1x25QZU
Royal Fitout Decoration Design Dubai,Interior designer,DAMAC XL Tower - 707 - Business Bay - Dubai - United Arab Emirates,Dubai,+971 58 514 5300,https://www.royalfitout.com/,info@royalfitout.com,4.9,193,https://www.google.com/maps/search/?api=1&query=Royal%20Fitout%20Decoration%20Design%20Dubai&query_place_id=ChIJ1yyHKv9pXz4RJ66yl3Mkr0o
Property & Real Estate lawyers in Dubai - Employment Labour Lawyers in Dubai,Law firm,"Aspin Commercial Tower - 44th Level , 4404, 44th - Dubai - United Arab Emirates",Dubai,+971 50 507 1820,https://www.lawyersindubai.com/,leads@lawyersindubai.com,4.9,130,https://www.google.com/maps/search/?api=1&query=Property%20%26%20Real%20Estate%20lawyers%20in%20Dubai%20-%20Employment%20Labour%20Lawyers%20in%20Dubai&query_place_id=ChIJt3cOqhhdXz4R7qys8WcAJ94
Palace Downtown,Hotel,Sheikh Mohammed bin Rashid Blvd - Burj Khalifa - Downtown Dubai - Dubai - United Arab Emirates,Dubai,+971 4 428 7888,http://addresshotels.com/en/hotels/palace-downtown,infoatdubaimall@addresshotels.com,4.7,6262,https://www.google.com/maps/search/?api=1&query=Palace%20Downtown&query_place_id=ChIJoYrk4C5oXz4Rz8zfVMtxSpU
KLOUDAC Accounting and Bookkeeping LLC - Accounting Firms in Dubai,Accounting firm,WHITE SWAN BUILDING - Office 603 - 32 Sheikh Zayed Rd - Trade Center First - Dubai - United Arab Emirates,Dubai,+971 50 435 3515,http://www.kloudac.com/,info@kloudac.com,4.9,30,https://www.google.com/maps/search/?api=1&query=KLOUDAC%20Accounting%20and%20Bookkeeping%20LLC%20-%20Accounting%20Firms%20in%20Dubai&query_place_id=ChIJQZ0EsTFpXz4RLPK6IP9VehY
Nair & Nelliyatt Chartered Accountants | Auditing Firms UAE | Accounting Services Dubai,Certified public accountant,"Office No. M08 -M Floor, Al-Wasl R421-A 25 - 318 Zaa'beel St - Al Karama - Dubai - United Arab Emirates",Dubai,+971 52 156 8786,https://nairnelliyatt.com/,info@nn-ca.com,4.9,31,https://www.google.com/maps/search/?api=1&query=Nair%20%26%20Nelliyatt%20Chartered%20Accountants%20%7C%20Auditing%20Firms%20UAE%20%7C%20Accounting%20Services%20Dubai&query_place_id=ChIJ2Y7YQYhDXz4RnQApIzvUOc8
Interior Design Company Dubai - WeDo Interior Design & Fit out,Interior designer,"Dubai - X4RG+39W Jabel Ali, Jabel Ali Industrial 1 - Dubai - United Arab Emirates",Dubai,+971 58 807 5603,https://wedointerior.ae/,INFO@WEDOINTERIOR.AE,4.9,113,https://www.google.com/maps/search/?api=1&query=Interior%20Design%20Company%20Dubai%20-%20WeDo%20Interior%20Design%20%26%20Fit%20out&query_place_id=ChIJaS3Y9lRpXz4RElwW1VATiRI
Scarves & Glitters - The Dubai Mall,Gift shop,"Financial Centre Street Lower Ground Floor, Near Grand Parking P1 - Dubai - United Arab Emirates",Dubai,+971 4 547 8377,https://scarvesandglitters.com/,care@kashkha.com,5,468,https://www.google.com/maps/search/?api=1&query=Scarves%20%26%20Glitters%20-%20The%20Dubai%20Mall&query_place_id=ChIJA1cc8o1pXz4RuedCwroeICE
adidas Originals store,Sportswear store,The Dubai Mall - 2nd Floor - Burj Khalifa - Downtown Dubai - Dubai - United Arab Emirates,Dubai,+971 4 330 3445,https://www.adidas.ae/en?utm_campaign=DB151&utm_medium=organic&utm_source=GMB,,4.5,623,https://www.google.com/maps/search/?api=1&query=adidas%20Originals%20store&query_place_id=ChIJNyoYziloXz4RjoE3OVr2Bo4
"Rove La Mer Beach, Jumeirah",Hotel,La Mer Beach - Jumeirah - Jumeira First - Dubai - United Arab Emirates,Dubai,+971 4 241 9600,https://www.rovehotels.com/en/hotels/rove-la-mer-beach/?utm_source=google&utm_medium=local-search&utm_campaign=googlemybusiness,hello@rovehotels.com,4.9,13334,https://www.google.com/maps/search/?api=1&query=Rove%20La%20Mer%20Beach%2C%20Jumeirah&query_place_id=ChIJFdtQ4FVDXz4RLnJevMmgZWM
Gate 1 to 10 Shop,Department store,Mall - القوزمنطقة - 17B St - Al Qouz Ind.third - Al Quoz - Dubai - United Arab Emirates,Dubai,+971 4 323 2906,http://gateuae.com/,marketing@gateuae.com,4.2,2791,https://www.google.com/maps/search/?api=1&query=Gate%201%20to%2010%20Shop&query_place_id=ChIJTX64995rXz4R6OHGutCsSAo
District Real Estate,Real estate agency,Prime Tower - 1512 - Business Bay - Dubai - United Arab Emirates,Dubai,+971 4 880 0373,http://www.districtuae.com/,,4.8,56,https://www.google.com/maps/search/?api=1&query=District%20Real%20Estate&query_place_id=ChIJt0mdRXhpXz4RppvjAH3M_xg
Williams International Real Estate,Real estate agency,Icon Tower - Al Thanyah First - Barsha Heights - Dubai - United Arab Emirates,Dubai,+971 50 318 0955,https://williamsinternationalgroup.com/,,4.8,308,https://www.google.com/maps/search/?api=1&query=Williams%20International%20Real%20Estate&query_place_id=ChIJ69V8vCVrXz4RASBdyfE_wr0
Xact Auditing of Accounts FZE LLC,Accounting firm,Boulevard Plaza Tower 1 - Level 14 - Sheikh Mohammed bin Rashid Blvd - Dubai - United Arab Emirates,Dubai,+971 56 733 9818,http://www.xactauditing.ae/,info@xactauditing.ae,5,131,https://www.google.com/maps/search/?api=1&query=Xact%20Auditing%20of%20Accounts%20FZE%20LLC&query_place_id=ChIJxQ1wd2hDXz4RNY5UB8Pp5cg
"A&A Associate LLC - Business Setup in Dubai, UAE",Business management consultant,"Level 12, Rolex Tower - Level 9B Sheikh Zayed Rd - Trade Center Second - DIFC - Dubai - United Arab Emirates",Dubai,+971 50 483 6190,https://www.aaconsultancy.ae/,info@aaconsultancy.ae,4.6,2218,https://www.google.com/maps/search/?api=1&query=A%26A%20Associate%20LLC%20-%20Business%20Setup%20in%20Dubai%2C%20UAE&query_place_id=ChIJhTMPaXhCXz4Rr87WA7HUSnE
Huawei Authorized Experience Store (The Dubai Mall),Electronics store,https://maps.app.goo.gl - Burj Khalifa - Downtown Dubai - Dubai - United Arab Emirates,Dubai,+971 4 325 3117,https://consumer.huawei.com/ae-en/retail/dubai-mall/,,4.8,400,https://www.google.com/maps/search/?api=1&query=Huawei%20Authorized%20Experience%20Store%20(The%20Dubai%20Mall)&query_place_id=ChIJ1ZjCTdpDXz4RZeevuqJ7dRc
"Excellent Accountants - Accounting Firms in Dubai, UAE | Bookkeeping Services | Tax Consultants",Accounting firm,"Bank Street - Office No: 503, NBQ Building - Khalid Bin Al Waleed Rd - Bur Dubai - Dubai - United Arab Emirates",Dubai,+971 4 338 8085,https://www.excellentaccountants.ae/,info@excellentaccountants.ae,5,166,https://www.google.com/maps/search/?api=1&query=Excellent%20Accountants%20-%20Accounting%20Firms%20in%20Dubai%2C%20UAE%20%7C%20Bookkeeping%20Services%20%7C%20Tax%20Consultants&query_place_id=ChIJe-AenwFDXz4RqhgbffFBWbM
شركة عبد الله الملا للتدقيق والمحاسبة - Am Audit,Accounting firm,"706, Block E Al Shoala Building Port saeed - Deira - Dubai - United Arab Emirates",Dubai,+971 4 323 1738,https://amaudit.ae/,info@amaudit.ae,5,48,https://www.google.com/maps/search/?api=1&query=%D8%B4%D8%B1%D9%83%D8%A9%20%D8%B9%D8%A8%D8%AF%20%D8%A7%D9%84%D9%84%D9%87%20%D8%A7%D9%84%D9%85%D9%84%D8%A7%20%D9%84%D9%84%D8%AA%D8%AF%D9%82%D9%8A%D9%82%20%D9%88%D8%A7%D9%84%D9%85%D8%AD%D8%A7%D8%B3%D8%A8%D8%A9%20-%20Am%20Audit&query_place_id=ChIJJ5T0AYFdXz4RwtqYIYG3i50
"Brands Shop | Dubai Creek Tower Building, Opposite Sheraton Creek Deira Hotel",Shopping mall,building 1st St - Riggat Al Buteen - Dubai - United Arab Emirates,Dubai,+971 4 224 9777,http://www.brandsco.com/,,4,225,https://www.google.com/maps/search/?api=1&query=Brands%20Shop%20%7C%20Dubai%20Creek%20Tower%20Building%2C%20Opposite%20Sheraton%20Creek%20Deira%20Hotel&query_place_id=ChIJf0M50sxcXz4RVWhjdGtW2bM
KAYE & CO REAL ESTATE L.L.C.,Real estate agency,Burlington Tower - 2410 - Business Bay - Dubai - United Arab Emirates,Dubai,+971 4 583 0001,http://www.kayeandco.ae/,info@kayeandco.ae,4.7,143,https://www.google.com/maps/search/?api=1&query=KAYE%20%26%20CO%20REAL%20ESTATE%20L.L.C.&query_place_id=ChIJI46i681pXz4RdPVPbXfQ2fs
Homes 4 Life Real Estate - Town Square Dubai Office,Real estate agency,Al Yalayis 2 - Dubai - United Arab Emirates,Dubai,+971 56 818 8620,https://homes4life.ae/,homes4life.ae@gmail.com,4.8,910,https://www.google.com/maps/search/?api=1&query=Homes%204%20Life%20Real%20Estate%20-%20Town%20Square%20Dubai%20Office&query_place_id=ChIJwcz16AtxXz4ROt91_fIMr28
Euphoria Interiors - Interior design company in dubai,Interior designer,Ras Al Khor Ind. Third - Dubai - United Arab Emirates,Dubai,+971 4 490 2119,https://www.euphoriainteriors.com/?utm_source=google&utm_medium=organic&utm_campaign=gbp,sales@euphoriainteriors.com,5,86,https://www.google.com/maps/search/?api=1&query=Euphoria%20Interiors%20-%20Interior%20design%20company%20in%20dubai&query_place_id=ChIJFaansHrUMwcRAHDuJyx3W2s
REAL DUBAI - Lovisa Homes Real Estate Broker LLC,Real estate agency,2 Al Mamsha St - Marsa Dubai - Dubai Marina - Dubai - United Arab Emirates,Dubai,,https://www.real-dubai.com/,hello@real-dubai.com,5,35,https://www.google.com/maps/search/?api=1&query=REAL%20DUBAI%20-%20Lovisa%20Homes%20Real%20Estate%20Broker%20LLC&query_place_id=ChIJIzkoj5ZrXz4R6gv7W1xBTuc
Christie’s International Real Estate Dubai,Real estate agency,"P03, Bay Square 2, Business Bay, Dubai - UAE - Dubai - United Arab Emirates",Dubai,+971 4 425 2780,https://christiesrealestatedubai.com/,,4.7,104,https://www.google.com/maps/search/?api=1&query=Christie%E2%80%99s%20International%20Real%20Estate%20Dubai&query_place_id=ChIJfREC9DBoXz4R0PPM5cBwjfo
Highmark accountants in Dubai | Accounting firms in Dubai UAE | Audit firms in Dubai UAE | Business setup firms in Dubai UAE,Accounting firm,Business Bay Westburry Office Tower Office 301 - Dubai - United Arab Emirates,Dubai,+971 55 730 9266,https://highmarkaccountants.com/,,4.5,33,https://www.google.com/maps/search/?api=1&query=Highmark%20accountants%20in%20Dubai%20%7C%20Accounting%20firms%20in%20Dubai%20UAE%20%7C%20Audit%20firms%20in%20Dubai%20UAE%20%7C%20Business%20setup%20firms%20in%20Dubai%20UAE&query_place_id=ChIJiWdoKZtDXz4RslcRSRKO24o
USBC Interiors | Urban Science - Interior Fit out Company in Dubai | Fit out Companies in Dubai,Interior designer,"Building 28, Street 20 B - Al Qouz Ind.third - Al Quoz - Dubai - United Arab Emirates",Dubai,+971 4 552 5858,https://www.usbcinteriors.com/,enquiry@usbcinteriors.com,4.5,133,https://www.google.com/maps/search/?api=1&query=USBC%20Interiors%20%7C%20Urban%20Science%20-%20Interior%20Fit%20out%20Company%20in%20Dubai%20%7C%20Fit%20out%20Companies%20in%20Dubai&query_place_id=ChIJUXQRTpZrXz4RRZrRlTtUTow
Exclusive Links Real Estate Brokers Dubai,Real estate agent,"Galadari Building, B17 - Office 202 - Me'aisem First - Dubai Production City - Dubai - United Arab Emirates",Dubai,+971 4 399 4937,https://www.exclusive-links.com/?utm_source=localmaps&utm_medium=gbp&utm_campaign=Dubai&utm_term=listing,property@exclusie-links.com,4.8,414,https://www.google.com/maps/search/?api=1&query=Exclusive%20Links%20Real%20Estate%20Brokers%20Dubai&query_place_id=ChIJgWg8EG5rXz4R8peyd02WlUM
Apple Dubai Mall,Electronics store,"Downtown, The Dubai Mall - Financial Ctr St - Burj Khalifa - Downtown Dubai - Dubai - United Arab Emirates",Dubai,+971 800 04449012,https://www.apple.com/ae/retail/dubaimall?cid=aos-ae-seo-maps,,4.3,13987,https://www.google.com/maps/search/?api=1&query=Apple%20Dubai%20Mall&query_place_id=ChIJr9wFKihoXz4Rn3jsxXwQvyA
Honor Experience Store Dubai Mall,Electronics store,Dubai Mall - 2nd - Financial Ctr St - Burj Khalifa - Downtown Dubai - Dubai - United Arab Emirates,Dubai,+971 52 306 1757,https://www.google.com/maps/search/?api=1&query=Honor%20Experience%20Store%20Dubai%20Mall&query_place_id=ChIJM9DjDQxpXz4RaRNxNrJpbGc,,4.9,445,https://www.google.com/maps/search/?api=1&query=Honor%20Experience%20Store%20Dubai%20Mall&query_place_id=ChIJM9DjDQxpXz4RaRNxNrJpbGc
"Lone Wolf Real Estate, Dubai, U.A.E.",Commercial real estate agency,"POX BOX 452710 - Opal tower, office#104-047 - Business Bay - Dubai - United Arab Emirates",Dubai,+971 4 394 4534,http://www.lonewolfdubai.com/,Info@lonewolfdubai.com,4.9,41,https://www.google.com/maps/search/?api=1&query=Lone%20Wolf%20Real%20Estate%2C%20Dubai%2C%20U.A.E.&query_place_id=ChIJVSihSHptXz4RL-GmiQsVAts
The Outlet Village by Dubai Retail,Shopping mall,W266+Q4 - Saih Shuaib 1 - Dubai - United Arab Emirates,Dubai,,https://theoutletvillage.ae/en,customercare@dubairetail.ae,4.4,2111,https://www.google.com/maps/search/?api=1&query=The%20Outlet%20Village%20by%20Dubai%20Retail&query_place_id=ChIJb8ASAAAPXz4RTB84iPhxhhs
Exclusive Links Real Estate Brokers Dubai Marina,Real estate agent,Ground Floor Shop Marina Gate 1 - Dubai Marina - Dubai - United Arab Emirates,Dubai,+971 4 399 4937,https://www.exclusive-links.com/?utm_source=localmaps&utm_medium=gbp&utm_campaign=Dubaimarina&utm_term=listing,property@exclusie-links.com,4.8,220,https://www.google.com/maps/search/?api=1&query=Exclusive%20Links%20Real%20Estate%20Brokers%20Dubai%20Marina&query_place_id=ChIJbfqX2NtrXz4RH5uw9S52RuY
Gulf Advocates - Lawyers in Dubai,Law firm,1 Sheikh Mohammed bin Rashid Blvd - Burj Khalifa - Downtown Dubai - Dubai - United Arab Emirates,Dubai,+971 54 322 5080,https://www.gulfadvocates.com/,,4.8,111,https://www.google.com/maps/search/?api=1&query=Gulf%20Advocates%20-%20Lawyers%20in%20Dubai&query_place_id=ChIJ____OypoXz4R5jKRwMTUP6Q
Brands For Less - Dubai Mall,Discount store,Cinema Parking 1 - next to Waitrose Supermarket LG Floor - Burj Khalifa - Dubai Mall - Dubai - United Arab Emirates,Dubai,+971 4 320 1551,http://www.brandsforless.com/,,4.1,338,https://www.google.com/maps/search/?api=1&query=Brands%20For%20Less%20-%20Dubai%20Mall&query_place_id=ChIJ8VH9jINrXz4RXVQnHU4mgc0
Galeries Lafayette | Dubai Mall,Department store,57XJ+579 The Dubai Mall - Dubai Mall service road - Burj Khalifa - Downtown Dubai - Dubai - United Arab Emirates,Dubai,+971 4 339 9933,http://galerieslafayette.ae/,customerservice@galerieslafayette.ae,4.4,1477,https://www.google.com/maps/search/?api=1&query=Galeries%20Lafayette%20%7C%20Dubai%20Mall&query_place_id=ChIJC8ybAShoXz4RpIbqKmaT6Nw
Strada Real Estate Brokerage,Real estate agency,Park Heights Square 2 Dubai Hills Estate - Office 202 - Hadaeq Sheikh Mohammed Bin Rashid - Dubai - United Arab Emirates,Dubai,+971 4 547 6400,http://www.stradauae.com/,info@stradauae.com,4.7,287,https://www.google.com/maps/search/?api=1&query=Strada%20Real%20Estate%20Brokerage&query_place_id=ChIJeawZEpNrXz4RenfqT0tGmWg
Euphoria Interiors - Interior design firm Dubai,Interior designer,Faisal Al Gurg Building - M - 08 Umm Hurair Rd - Al Karama - Dubai - United Arab Emirates,Dubai,+971 4 490 2111,https://www.euphoriainteriors.com/?utm_source=google&utm_medium=organic&utm_campaign=gbp2,sales@euphoriainteriors.com,5,38,https://www.google.com/maps/search/?api=1&query=Euphoria%20Interiors%20-%20Interior%20design%20firm%20Dubai&query_place_id=ChIJp_EirmJDXz4RJAU9fO82P4Y
The Deal - Dubai Outlet Mall,Warehouse store,Madinat Hind 1 - Dubai Outlet Mall - Dubai - United Arab Emirates,Dubai,+971 4 426 4981,http://www.thedealoutlet.com/,,3.8,297,https://www.google.com/maps/search/?api=1&query=The%20Deal%20-%20Dubai%20Outlet%20Mall&query_place_id=ChIJbSHu0lRjXz4RY-v-Y7Gc260
Harbor Real Estate Broker LLC,Real estate consultant,City Tower - 18th Floor Office#1803 - 2 Sheikh Zayed Rd - Dubai - United Arab Emirates,Dubai,+971 4 325 1616,https://www.harbordubai.com/,info@harbordubai.com,4.7,2252,https://www.google.com/maps/search/?api=1&query=Harbor%20Real%20Estate%20Broker%20LLC&query_place_id=ChIJb49zwfJCXz4RlvxGOgR2TU8
"CLA Emirates (formerly Emirates Chartered Accountants Group [ECAG]) – Accounting and Audit Firm in Dubai, UAE",Accounting firm,Wasl Business Central - 502 - near City Centre - Dubai - United Arab Emirates,Dubai,+971 4 250 0290,http://www.claemirates.com/,contact@claemirates.com,4.9,347,https://www.google.com/maps/search/?api=1&query=CLA%20Emirates%20(formerly%20Emirates%20Chartered%20Accountants%20Group%20%5BECAG%5D)%20%E2%80%93%20Accounting%20and%20Audit%20Firm%20in%20Dubai%2C%20UAE&query_place_id=ChIJ2So6wCBdXz4RJdEodWXO7QQ
Loam Real Estate - Best Real Estate Agency in Dubai,Real estate consultant,"Metro Exit No:2 - 88 Sheikh Zayed Rd -Trade center- Trade Centre 1 - Dubai Al Hawai Tower,First Floor - Office No:105 - Financial Ctr St - Dubai - United Arab Emirates",Dubai,+971 4 576 2722,http://www.loamrealestate.com/,info@loamrealestate.com,4.4,60,https://www.google.com/maps/search/?api=1&query=Loam%20Real%20Estate%20-%20Best%20Real%20Estate%20Agency%20in%20Dubai&query_place_id=ChIJTXHe8aBpXz4RkyKBURCKLR0
Grand Stores Digital,Shopping mall,The Dubai Mall - Burj Khalifa - Downtown Dubai - Dubai - United Arab Emirates,Dubai,+971 4 339 8915,https://www.grandstores.com/,,4.5,318,https://www.google.com/maps/search/?api=1&query=Grand%20Stores%20Digital&query_place_id=ChIJf4vzDIJCXz4RBSayoctaixM
Centrepoint - The Dubai Mall,Department store,57WJ+W3 - Burj Khalifa - Downtown Dubai - Dubai - United Arab Emirates,Dubai,+971 800 6927,https://www.centrepointstores.com/ae/,,4.7,1706,https://www.google.com/maps/search/?api=1&query=Centrepoint%20-%20The%20Dubai%20Mall&query_place_id=ChIJBbg_I15pXz4Rdey4siiyKhQ
Lifestyle - The Dubai Mall,Department store,The Dubaimall - Lower Ground floor - Burj Khalifa - Downtown Dubai - Dubai - United Arab Emirates,Dubai,+971 800 6927,https://www.lifestyleshops.com/ae/en/?utm_source=google&utm_medium=organic&utm_campaign=gmb,,4.4,52,https://www.google.com/maps/search/?api=1&query=Lifestyle%20-%20The%20Dubai%20Mall&query_place_id=ChIJvemm1yloXz4RaTKmj99op4s
Dubai Lawyers - Best Criminal Lawyers in Dubai - DWCM,Law firm,"office 90C16 - Bldg, I-Rise - Al Thanyah First - Barsha Heights - Dubai - United Arab Emirates",Dubai,+971 50 463 7483,https://www.dubailawyer.ae/,,4.9,243,https://www.google.com/maps/search/?api=1&query=Dubai%20Lawyers%20-%20Best%20Criminal%20Lawyers%20in%20Dubai%20-%20DWCM&query_place_id=ChIJ1dNF4QxrXz4RQ16Exr0tM3U
Axis Real Estate Brokerage Dubai,Real estate agency,"RAG Biz HQ, Addiyar Building - Office 15 - Sheikh Zayed Rd - Al Wasl - Dubai - United Arab Emirates",Dubai,+971 52 875 9269,https://axisrealestate.ae/,info@axisrealestate.com,4.9,94,https://www.google.com/maps/search/?api=1&query=Axis%20Real%20Estate%20Brokerage%20Dubai&query_place_id=ChIJRT7c3qNpXz4RCUx5RonrunU
Dacha Real Estate,Real estate agency,"& 2404, Marina Plaza - Office 2101 - Marsa Dubai - Dubai Marina - Dubai - United Arab Emirates",Dubai,+971 4 423 2006,https://www.dacha.ae/contact/real-estate-agents-in-dubai-marina/,info@dacha.ae,4.8,1399,https://www.google.com/maps/search/?api=1&query=Dacha%20Real%20Estate&query_place_id=ChIJcVr1HABqXz4R3lUUmjoTAkE
Real Choice Real Estate Brokers LLC,Real estate agency,API World Tower - Office number 401 - Sheikh Zayed Rd - Trade Center First - Dubai - United Arab Emirates,Dubai,+971 4 358 8070,https://www.realchoicedubai.com/,,4.7,144,https://www.google.com/maps/search/?api=1&query=Real%20Choice%20Real%20Estate%20Brokers%20LLC&query_place_id=ChIJ07apZkdpXz4RTuk--ZbZlnY
The Little Things - The Dubai Mall,Collectibles store,Unit SF - 186 - Unit L2 186 - 19 - 19 Financial Ctr St - Dubai - United Arab Emirates,Dubai,+971 56 557 7365,http://littlethingsme.com/,TDM@littlethingsme.com,4.6,722,https://www.google.com/maps/search/?api=1&query=The%20Little%20Things%20-%20The%20Dubai%20Mall&query_place_id=ChIJ3_edgoJCXz4R0jeTNpTsRco
Law Firms in Dubai | Dubai Lawyers | IKA Lawyer,Law firm,The Prism - 3503-B 35th Floor - Business Bay - Dubai - United Arab Emirates,Dubai,+971 56 922 9958,https://dubailawyers.com/?utm_source=google_profile&utm_campaign=localo&utm_medium=mainlink,,5,60,https://www.google.com/maps/search/?api=1&query=Law%20Firms%20in%20Dubai%20%7C%20Dubai%20Lawyers%20%7C%20IKA%20Lawyer&query_place_id=ChIJ2w3BN15pXz4RTFWTn_X_M0I
Magus Real Estate Brokers LLC,Real estate agency,Standard Chartered Tower - Emaar Square - Downtown Office 6C - Dubai - United Arab Emirates,Dubai,+971 4 303 9700,https://magusproperties.ae/,info@magusproperties.ae,4.9,48,https://www.google.com/maps/search/?api=1&query=Magus%20Real%20Estate%20Brokers%20LLC&query_place_id=ChIJO5LRe7NdXz4R2kbfI2udfic
VAO Concept Store,Clothing store,City Walk 2 - Dubai - United Arab Emirates,Dubai,+971 4 349 4904,http://www.vaoconceptstore.com/,,4.5,122,https://www.google.com/maps/search/?api=1&query=VAO%20Concept%20Store&query_place_id=ChIJ3VEkL2tDXz4RuJJaubVm8Fs
TheRealtorDubai Real Estate Brokerage LLC,Real estate consultant,Aspin Commercial Tower - Sheikh Zayed Road - 2nd floor - Dubai - United Arab Emirates,Dubai,+971 55 195 2518,http://www.therealtordubai.com/,info@therealtordubai.com,5,121,https://www.google.com/maps/search/?api=1&query=TheRealtorDubai%20Real%20Estate%20Brokerage%20LLC&query_place_id=ChIJYR-uRxVrXz4RnswRWgLDdJM
"SNR Associates, Approved auditors | JAFZA /DMCC/SHAMS/SAIF/HAMRIYA",Auditor,Rawdat Al Wasl Building - Office 208 - Sheikh Zayed Rd - Business Bay - Dubai - United Arab Emirates,Dubai,+971 50 294 1956,https://snrauditing.com/,Consultant@snrauditing.com,4.9,36,https://www.google.com/maps/search/?api=1&query=SNR%20Associates%2C%20Approved%20auditors%20%7C%20JAFZA%20%2FDMCC%2FSHAMS%2FSAIF%2FHAMRIYA&query_place_id=ChIJiesuf75DXz4RiwyWEny19Ig
MODENESE Interior Design Dubai – Fit Out Contractor – Luxury Classic Italian Furniture & Lightings,Interior designer,Palace Downtown - Burj Khalifa - Downtown Dubai - Dubai - United Arab Emirates,Dubai,+971 55 382 7652,http://www.modeneseinteriors.com/,info@modenesegastone.com,4.9,10,https://www.google.com/maps/search/?api=1&query=MODENESE%20Interior%20Design%20Dubai%20%E2%80%93%20Fit%20Out%20Contractor%20%E2%80%93%20Luxury%20Classic%20Italian%20Furniture%20%26%20Lightings&query_place_id=ChIJX5SWq7ppXz4RPnexqGO800I
Lavish Cars Rental in Dubai,Car rental agency,The Exchange Tower - Business Bay - Dubai - United Arab Emirates,Dubai,+971 58 553 1923,https://www.lavishcars.ae/,,4.6,50,https://www.google.com/maps/search/?api=1&query=Lavish%20Cars%20Rental%20in%20Dubai&query_place_id=ChIJJS19ZH747GMReuX2NM7pP1A
White & Co Real Estate LLC,Real estate agent,CONTROL TOWER - 7th Floor - Al Hebiah First - Dubai Motor City - Dubai - United Arab Emirates,Dubai,+971 4 876 2333,http://www.whiteandcogroup.com/,,4.7,1821,https://www.google.com/maps/search/?api=1&query=White%20%26%20Co%20Real%20Estate%20LLC&query_place_id=ChIJK5wZe39vXz4RxiWRwFA2178
Mall of the Emirates,Shopping mall,Sheikh Zayed Rd - Al Barsha First - Al Barsha - Dubai - United Arab Emirates,Dubai,+971 800 6636255,https://www.malloftheemirates.com/en?utm_source=google&utm_medium=organic&utm_campaign=google_my_business,,4.7,143704,https://www.google.com/maps/search/?api=1&query=Mall%20of%20the%20Emirates&query_place_id=ChIJnTOfw75rXz4RTBV1aGLlr0c
Aaronz & Co. Real Estate Services,Real estate agent,Marina Plaza - 3402 - Marsa Dubai - Dubai Marina - Dubai - United Arab Emirates,Dubai,+971 4 584 9243,https://www.aaronz.co/,info@aaronz.co,4.9,491,https://www.google.com/maps/search/?api=1&query=Aaronz%20%26%20Co.%20Real%20Estate%20Services&query_place_id=ChIJd-qQ6yltXz4Ra_CRsgEz1oc
Falcon Interior Decoration LLC,Interior designer,Al Manara Tower - 2504 - Business Bay - Dubai - United Arab Emirates,Dubai,+971 4 320 2020,https://www.falconinterior.com/?utm_source=gmb&utm_medium=Google+My+Business&utm_id=MyBusinessPage,,4.7,108,https://www.google.com/maps/search/?api=1&query=Falcon%20Interior%20Decoration%20LLC&query_place_id=ChIJpceGKe9CXz4RfhRtLokLoSw
Zen Interiors,Interior designer,"Between Novotel and Westzone supermarket - Sheikh Zayed Road, Essa Lutfi Building - Showroom No.2 - Al Barsha First - Dubai - United Arab Emirates",Dubai,+971 4 340 5050,https://www.zeninteriors.net/,,4.6,104,https://www.google.com/maps/search/?api=1&query=Zen%20Interiors&query_place_id=ChIJAauOmZhdXz4RdEdB5exArco
KGRN Chartered Accountants,Accounting firm,Oxford Towers - 1005 - Business Bay - Dubai - United Arab Emirates,Dubai,+971 4 557 0204,https://kgrnaudit.com/,support@kgrnaudit.com,5,2065,https://www.google.com/maps/search/?api=1&query=KGRN%20Chartered%20Accountants&query_place_id=ChIJx-TX_idDXz4RiwsY2MlqC1Y
NR Doshi and Partners - Dubai,Accounting firm,Burjuman، Office Tower - L 24/01 & 24/02 - Al Mankhool - Dubai - United Arab Emirates,Dubai,+971 4 352 8001,https://www.nrdoshi.ae/,enquiries@nrdoshi.ae,4.8,10,https://www.google.com/maps/search/?api=1&query=NR%20Doshi%20and%20Partners%20-%20Dubai&query_place_id=ChIJFRlpdDtDXz4RxYRTZm-GI5I
THAT Concept Store,Department store,"Via Rodeo, Ground & first floor, Mall of The Emirates - Sheikh Zayed Rd - Al Barsha First - Al Barsha - Dubai - United Arab Emirates",Dubai,+971 800 8428,https://thatconceptstore.com/?utm_source=google&utm_medium=organic&utm_campaign=gmb_moe,customer_care@thatconceptstore.com,3.6,341,https://www.google.com/maps/search/?api=1&query=THAT%20Concept%20Store&query_place_id=ChIJhZM_h75rXz4ROEfpT3nfWA8
"KBA Accounting and Bookkeeping Services in Dubai UAE. Award Winner. VAT Consultants, FTA Certified Tax Agents, Internal Audit",Accounting firm,Dubai World Trade Centre - 1602 API World Tower - Sheikh Zayed Rd - Dubai - United Arab Emirates,Dubai,+971 4 396 2233,https://www.kbame.com/,,4.8,97,https://www.google.com/maps/search/?api=1&query=KBA%20Accounting%20and%20Bookkeeping%20Services%20in%20Dubai%20UAE.%20Award%20Winner.%20VAT%20Consultants%2C%20FTA%20Certified%20Tax%20Agents%2C%20Internal%20Audit&query_place_id=ChIJpWzhCiZDXz4REjC_bcTpueY
Next Level Real Estate - Award Winning Real Estate Agency in Dubai,Real estate agent,Opal Tower - 1505 - Burj Khalifa Blvd - Business Bay - Dubai - United Arab Emirates,Dubai,+971 4 454 2828,https://www.nextlevelrealestate.ae/?utm_source=google&utm_medium=organic&utm_campaign=googlge_my_business,,4.5,116,https://www.google.com/maps/search/?api=1&query=Next%20Level%20Real%20Estate%20-%20Award%20Winning%20Real%20Estate%20Agency%20in%20Dubai&query_place_id=ChIJZUJbNNNpXz4RrV63RPQaVoQ
Dubai Mall Fashion Avenue,Shopping mall,57XG+PG - Burj Khalifa - Downtown Dubai - Dubai - United Arab Emirates,Dubai,+971 800 382246255,https://thedubaimall.com/en/fashion-avenue,,4.7,17155,https://www.google.com/maps/search/?api=1&query=Dubai%20Mall%20Fashion%20Avenue&query_place_id=ChIJQxeJuURDXz4Rv_xWIjU7cpQ
Dubai Mall,Shopping mall,Burj Khalifa - Downtown Dubai - Dubai - United Arab Emirates,Dubai,+971 800 382246255,https://thedubaimall.com/,,4.7,285976,https://www.google.com/maps/search/?api=1&query=Dubai%20Mall&query_place_id=ChIJB1zIKShoXz4RnbaTPPup7aU